Price,zmw_usd,log_return
Ticker,ZMW=X,
Date,,
02/01/2015,6.388800144195557,0.00456524155808582
05/01/2015,6.348199844360352,-0.006375196
06/01/2015,6.386899948120117,0.006077725894278115
07/01/2015,6.461900234222412,0.011674418912987
08/01/2015,6.536900043487549,0.011539625184982
09/01/2015,6.51140022277832,-0.003908533
12/01/2015,6.434700012207031,-0.011849299
13/01/2015,6.4868998527526855,0.008079514154856384
14/01/2015,6.507500171661377,0.003170648298947237
15/01/2015,6.545100212097168,0.005761326223851574
16/01/2015,6.5081000328063965,-0.005669151
19/01/2015,6.424699783325195,-0.012897657
20/01/2015,6.377099990844727,-0.007436456
21/01/2015,6.513700008392334,0.02119420530098256
22/01/2015,6.43209981918335,-0.012606602
23/01/2015,6.400000095367432,-0.005003046
26/01/2015,6.330599784851074,-0.010903021
27/01/2015,6.3242998123168945,-0.000995658
28/01/2015,6.442699909210205,0.01854836594435249
29/01/2015,6.419300079345703,-0.003638603
30/01/2015,6.462299823760986,0.006676174458374448
02/02/2015,6.473700046539307,0.0017625581082188735
03/02/2015,6.492499828338623,0.0028998156984419627
04/02/2015,6.508200168609619,0.0024153080845320894
05/02/2015,6.552199840545654,0.006737900580064888
06/02/2015,6.543099880218506,-0.001389806
09/02/2015,6.523200035095215,-0.003045983
10/02/2015,6.521200180053711,-0.000306623
11/02/2015,6.532299995422363,0.001700665399278041
12/02/2015,6.599599838256836,0.010249915533968729
13/02/2015,6.611299991607666,0.0017712883392614742
16/02/2015,6.678500175476074,0.01011313274340792
17/02/2015,6.646500110626221,-0.004803021
18/02/2015,6.773600101470947,0.018942301356488795
19/02/2015,6.943900108337402,0.024830873608217417
20/02/2015,6.998700141906738,0.007860845864217432
23/02/2015,6.923699855804443,-0.01077415
24/02/2015,6.975299835205078,0.007425025917086974
25/02/2015,6.93310022354126,-0.006068238
26/02/2015,6.945300102233887,0.0017581106681880494
27/02/2015,6.928199768066406,-0.002465181
02/03/2015,6.853000164031982,-0.010913469
03/03/2015,6.839600086212158,-0.001957274
04/03/2015,6.964399814605713,0.018082168892870176
05/03/2015,6.924300193786621,-0.00577444
06/03/2015,6.934800148010254,0.001515243554579877
09/03/2015,6.953700065612793,0.0027216659795571358
10/03/2015,6.962399959564209,0.0012503352331590036
11/03/2015,7.072400093078613,0.01567566129719187
12/03/2015,7.211599826812744,0.019490918688191885
13/03/2015,7.21560001373291,0.0005545340837978577
16/03/2015,7.284599781036377,0.009517149982808044
17/03/2015,7.313799858093262,0.004000454395136438
18/03/2015,7.381400108337402,0.009200382062795385
19/03/2015,7.466000080108643,0.011396054026835118
20/03/2015,7.724599838256836,0.034050629347010065
23/03/2015,7.657299995422363,-0.00875058
24/03/2015,7.620800018310547,-0.004778087
25/03/2015,7.620800018310547,0
26/03/2015,7.642600059509277,0.0028565137401903697
27/03/2015,7.512199878692627,-0.017209518
30/03/2015,7.5345001220703125,0.002964139605930395
31/03/2015,7.5381999015808105,0.0004909245959913545
01/04/2015,7.543300151824951,0.000676358508173522
02/04/2015,7.582099914550781,0.005130422687709011
03/04/2015,7.486700057983398,-0.012662074
06/04/2015,7.489500045776367,0.0003739250018288299
07/04/2015,7.4197998046875,-0.009349969
08/04/2015,7.451499938964844,0.004263269900749339
09/04/2015,7.21999979019165,-0.031560422
10/04/2015,7.394199848175049,0.02384096472885368
13/04/2015,7.259099960327148,-0.01844004
14/04/2015,7.182000160217285,-0.010677931
15/04/2015,7.184599876403809,0.0003619111283493232
16/04/2015,7.277500152587891,0.012847588364304897
17/04/2015,7.316100120544434,0.005289997978489889
20/04/2015,7.3491997718811035,0.004514017140272889
21/04/2015,7.393499851226807,0.006009782985765376
22/04/2015,7.3144001960754395,-0.010756181
23/04/2015,7.3018999099731445,-0.001710459
24/04/2015,7.3028998374938965,0.00013693135676004427
27/04/2015,7.361499786376953,0.007992180015292595
28/04/2015,7.398900032043457,0.005067657538641366
29/04/2015,7.406000137329102,0.0009591561913619006
30/04/2015,7.365900039672852,-0.005429254
01/05/2015,7.416800022125244,0.006886452866245907
04/05/2015,7.396500110626221,-0.00274077
05/05/2015,7.370699882507324,-0.003494265
06/05/2015,7.353700160980225,-0.002309056
07/05/2015,7.273499965667725,-0.010966008
08/05/2015,7.326700210571289,0.007287637116623114
11/05/2015,7.300600051879883,-0.003568695
12/05/2015,7.316199779510498,0.0021344936967520023
13/05/2015,7.309700012207031,-0.000888802
14/05/2015,7.274600028991699,-0.004813402
15/05/2015,7.224599838256836,-0.006896986
18/05/2015,7.185400009155273,-0.005440656
19/05/2015,7.1890997886657715,0.0005147698555407048
20/05/2015,7.096700191497803,-0.012936046
21/05/2015,7.0467000007629395,-0.007070492
22/05/2015,7.087200164794922,0.005730941128126156
25/05/2015,7.067599773406982,-0.002769436
26/05/2015,7.09250020980835,0.00351698958304666
27/05/2015,7.1203999519348145,0.003925979588202679
28/05/2015,7.150400161743164,0.004204424946414085
29/05/2015,7.208199977874756,0.00805094198227243
01/06/2015,7.220799922943115,0.0017464756196050677
02/06/2015,7.203999996185303,-0.002329313
03/06/2015,7.140200138092041,-0.00889562
04/06/2015,7.165500164031982,0.0035370589041507313
05/06/2015,7.178199768066406,0.001770757532983769
08/06/2015,7.201700210571289,0.003268515561504439
09/06/2015,7.200699806213379,-0.000138922
10/06/2015,7.210899829864502,0.0014155299358662552
11/06/2015,7.223700046539307,0.0017735469136144037
12/06/2015,7.241199970245361,0.0024196409548300026
15/06/2015,7.27269983291626,0.0043406544838031115
16/06/2015,7.2982001304626465,0.003500171388805767
17/06/2015,7.338500022888184,0.005506704904850154
18/06/2015,7.374800205230713,0.004934345854711286
19/06/2015,7.3805999755859375,0.000786121770041467
22/06/2015,7.338600158691406,-0.005706822
23/06/2015,7.350800037384033,0.001661045561399533
24/06/2015,7.342599868774414,-0.00111617
25/06/2015,7.327000141143799,-0.002126811
26/06/2015,7.335700035095215,0.0011866702405108835
29/06/2015,7.339099884033203,0.00046335882159272515
30/06/2015,7.449399948120117,0.01491728176769307
01/07/2015,7.468599796295166,0.0025740527021187913
02/07/2015,7.462900161743164,-0.000763438
03/07/2015,7.488900184631348,0.0034778486192498246
06/07/2015,7.515699863433838,0.003572198821025046
07/07/2015,7.533400058746338,0.0023523271911206297
08/07/2015,7.544600009918213,0.0014856019605704541
09/07/2015,7.681300163269043,0.017956748036431536
10/07/2015,7.7210001945495605,0.005155089600519938
13/07/2015,7.741499900817871,0.0026515399388738806
14/07/2015,7.745699882507324,0.0005423810438523238
15/07/2015,7.798600196838379,0.006806420139665851
16/07/2015,7.844900131225586,0.0059194002121340985
17/07/2015,7.766300201416016,-0.010069769
20/07/2015,7.6407999992370605,-0.016291577
21/07/2015,7.609799861907959,-0.004065437
22/07/2015,7.543900012969971,-0.008697581
23/07/2015,7.604499816894531,0.00800086185648998
24/07/2015,7.544000148773193,-0.007987588
27/07/2015,7.486700057983398,-0.007624444
28/07/2015,7.642899990081787,0.020648990272978052
29/07/2015,7.6219000816345215,-0.002751418
30/07/2015,7.61959981918335,-0.000301842
31/07/2015,7.597899913787842,-0.002851969
03/08/2015,7.608500003814697,0.0013941619056755256
04/08/2015,7.624899864196777,0.0021531459634801407
05/08/2015,7.8007001876831055,0.022794307475466298
06/08/2015,7.769700050354004,-0.003981937
07/08/2015,7.810100078582764,0.005186217852242239
10/08/2015,7.810100078582764,0
11/08/2015,7.803100109100342,-0.000896673
12/08/2015,7.735099792480469,-0.008752719
13/08/2015,7.781499862670898,0.005980718653385565
14/08/2015,7.811800003051758,0.003886307424085535
17/08/2015,7.8871002197265625,0.009593129847771513
18/08/2015,7.917399883270264,0.0038343130713733077
19/08/2015,7.935299873352051,0.002258290128987886
20/08/2015,7.86899995803833,-0.00839016
21/08/2015,8.040200233459473,0.021523003319580097
24/08/2015,8.126999855041504,0.010737846394514944
25/08/2015,8.32229995727539,0.023746819869512503
26/08/2015,8.41819953918457,0.01145732013434252
27/08/2015,8.449700355529785,0.003735005918013835
28/08/2015,8.41670036315918,-0.003913109
31/08/2015,8.595999717712402,0.021079075351940077
01/09/2015,8.706999778747559,0.012830328494758519
02/09/2015,8.920900344848633,0.02426960258380964
03/09/2015,9.290599822998047,0.04060624024493362
04/09/2015,9.877099990844727,0.06121582821520698
07/09/2015,9.955400466918945,0.00789621894410738
08/09/2015,9.855400085449219,-0.010095627
09/09/2015,9.874799728393555,0.001966492927498121
10/09/2015,9.873700141906738,-0.000111359
11/09/2015,9.896900177001953,0.0023469237524304655
14/09/2015,9.758700370788574,-0.014062362
15/09/2015,9.800200462341309,0.004243607980357048
16/09/2015,9.847999572753906,0.004865504689836006
17/09/2015,9.942899703979492,0.009590353350444569
18/09/2015,9.964300155639648,0.002150022108068183
21/09/2015,9.95300006866455,-0.001134701
22/09/2015,9.975700378417969,0.0022781535235122507
23/09/2015,10.020999908447266,0.004530708253785736
24/09/2015,10.456000328063965,0.04249312575748224
25/09/2015,10.51099967956543,0.005246289657989651
28/09/2015,10.774999618530273,0.024806303231011847
29/09/2015,11.807999610900879,0.09154863431936679
30/09/2015,12.357000350952148,0.045445497617178345
01/10/2015,12.116999626159668,-0.019613338
02/10/2015,11.52299976348877,-0.050264377
05/10/2015,12.255999565124512,0.06167056000884063
06/10/2015,12.098999977111816,-0.012892775
07/10/2015,12.100000381469727,8.268146151948996e-05
08/10/2015,11.920000076293945,-0.014987816
09/10/2015,11.850000381469727,-0.005889768
12/10/2015,11.729999542236328,-0.010178276
13/10/2015,11.692000389099121,-0.003244743
14/10/2015,11.57800006866455,-0.009798129
15/10/2015,11.699000358581543,0.010396647128660508
16/10/2015,11.611000061035156,-0.007550469
19/10/2015,11.664999961853027,0.004639972301649795
20/10/2015,11.902000427246094,0.02011358691647395
21/10/2015,12.038999557495117,0.011444854077278944
22/10/2015,12.072999954223633,0.002820207361680155
23/10/2015,12.295999526977539,0.018302417208054013
26/10/2015,12.09000015258789,-0.016895291
27/10/2015,12.105999946594238,0.001322515810282444
28/10/2015,12.109999656677246,0.0003303361566655141
29/10/2015,12.432000160217285,0.02624227729813318
30/10/2015,12.52400016784668,0.007373010353379508
02/11/2015,12.539999961853027,0.0012767152965896692
03/11/2015,12.52400016784668,-0.001276715
04/11/2015,12.45300006866455,-0.005685254
05/11/2015,12.53499984741211,0.006563156184402032
06/11/2015,12.657999992370605,0.009764706313070913
09/11/2015,13.001999855041504,0.026813754882957935
10/11/2015,13.668999671936035,0.050027290536594396
11/11/2015,14.222999572753906,0.03972987137905933
12/11/2015,13.687000274658203,-0.038413845
13/11/2015,12.394000053405762,-0.099234008
16/11/2015,12.005000114440918,-0.03188925
17/11/2015,12.347000122070312,0.028089889266256413
18/11/2015,12.734999656677246,0.030940953000184648
19/11/2015,11.772000312805176,-0.078630225
20/11/2015,11.484999656677246,-0.024682051
23/11/2015,11.779999732971191,0.025361349307542413
24/11/2015,11.729000091552734,-0.00433874
25/11/2015,11.640000343322754,-0.007616944
26/11/2015,11.46399974822998,-0.015235803
27/11/2015,10.928999900817871,-0.047791871
30/11/2015,10.300000190734863,-0.059275884
01/12/2015,10.310999870300293,0.001067360203497676
02/12/2015,10.284000396728516,-0.002621946
03/12/2015,10.321999549865723,0.0036881681364236457
04/12/2015,10.08899974822998,-0.0228318
07/12/2015,10.630000114440918,0.052234506648361545
08/12/2015,10.57800006866455,-0.004903824
09/12/2015,10.72700023651123,0.013987570528461142
10/12/2015,10.777999877929688,0.004743058521917466
11/12/2015,10.95199966430664,0.016015049149391055
14/12/2015,10.871999740600586,-0.007331404
15/12/2015,10.880000114440918,0.0007355989568225241
16/12/2015,10.967000007629395,0.0079645125274769
17/12/2015,10.930999755859375,-0.003287997
18/12/2015,10.894000053405762,-0.003390583
21/12/2015,10.892999649047852,-9.18E-05
22/12/2015,10.864999771118164,-0.002573756
23/12/2015,10.902000427246094,0.003399705189370751
24/12/2015,10.946999549865723,0.004119107171213621
25/12/2015,10.897000312805176,-0.004577854
28/12/2015,10.883999824523926,-0.001193746
29/12/2015,10.934000015258789,0.004583397069731853
30/12/2015,10.961999893188477,0.00255753501178232
31/12/2015,10.932000160217285,-0.002740454
01/01/2016,10.98799991607666,0.005109477873671964
04/01/2016,10.984999656677246,-0.000273086
05/01/2016,11.043000221252441,0.005266088517736345
06/01/2016,10.961999893188477,-0.007362026
07/01/2016,10.944999694824219,-0.001552034
08/01/2016,10.897000312805176,-0.004395152
11/01/2016,10.911999702453613,0.0013755231329200528
12/01/2016,11.02299976348877,0.010120903691728208
13/01/2016,11.022000312805176,-9.07E-05
14/01/2016,10.98799991607666,-0.003089543
15/01/2016,11.050999641418457,0.005717128563462021
18/01/2016,11.083000183105469,0.0028915301560441405
19/01/2016,11.116999626159668,0.0030630153088633265
20/01/2016,11.147000312805176,0.002694996845641864
21/01/2016,11.173999786376953,0.0024192004497775896
22/01/2016,11.225000381469727,0.004553835693167619
25/01/2016,11.23799991607666,0.0011574176099309703
26/01/2016,11.170000076293945,-0.006069265
27/01/2016,11.15999984741211,-0.000895677
28/01/2016,11.168999671936035,0.000806110905549437
29/01/2016,11.189000129699707,0.0017891102313356503
01/02/2016,11.300000190734863,0.009871578180186498
02/02/2016,11.194000244140625,-0.0094248
03/02/2016,11.22599983215332,0.002854559289284322
04/02/2016,11.083999633789062,-0.012729908
05/02/2016,11.239999771118164,0.01397623014126167
08/02/2016,11.256999969482422,0.0015113305592879959
09/02/2016,11.213000297546387,-0.003916309
10/02/2016,11.178999900817871,-0.003036837
11/02/2016,11.291999816894531,0.010057484759732786
12/02/2016,11.329000473022461,0.0032713574688521636
15/02/2016,11.343000411987305,0.001234998253155129
16/02/2016,11.302000045776367,-0.003621145
17/02/2016,11.322999954223633,0.001856346031184487
18/02/2016,11.336000442504883,0.0011474901346170071
19/02/2016,11.335000038146973,-8.83E-05
22/02/2016,11.28600025177002,-0.004332245
23/02/2016,11.331999778747559,0.0040675205885795165
24/02/2016,11.338000297546387,0.0005293797016998295
25/02/2016,11.276000022888184,-0.005483367
26/02/2016,11.347999572753906,0.006364904015462172
29/02/2016,11.420999526977539,0.006412245354422789
01/03/2016,11.338000297546387,-0.007293783
02/03/2016,11.35200023651123,0.001234018546665552
03/03/2016,11.333999633789062,-0.001586935
04/03/2016,11.263999938964844,-0.006195231
07/03/2016,11.310999870300293,0.0041638980854734635
08/03/2016,11.333000183105469,0.0019431478250952845
09/03/2016,11.345999717712402,0.0011463941168014685
10/03/2016,11.333000183105469,-0.001146394
11/03/2016,11.335000038146973,0.00017644741725535615
14/03/2016,11.29699993133545,-0.00335809
15/03/2016,11.345000267028809,0.00423994410227161
16/03/2016,11.333999633789062,-0.000970116
17/03/2016,11.213000297546387,-0.010733179
18/03/2016,11.317000389099121,0.009232208351045216
21/03/2016,11.331999778747559,0.001324508078069128
22/03/2016,11.293999671936035,-0.00335898
23/03/2016,11.282999992370605,-0.000974415
24/03/2016,11.300999641418457,0.0015940181678170764
25/03/2016,11.253999710083008,-0.00416759
28/03/2016,11.25100040435791,-0.000266546
29/03/2016,11.25100040435791,0
30/03/2016,11.244000434875488,-0.000622358
31/03/2016,11.194000244140625,-0.004456749
01/04/2016,10.993000030517578,-0.018119233
04/04/2016,10.89799976348877,-0.008679445
05/04/2016,10.902999877929688,0.0004587050695686326
06/04/2016,10.765999794006348,-0.012644969
07/04/2016,10.552000045776367,-0.020077581
08/04/2016,10.295999526977539,-0.024559995
11/04/2016,9.82800006866455,-0.046519963
12/04/2016,9.776200294494629,-0.005284571
13/04/2016,9.71090030670166,-0.006701893
14/04/2016,9.2431001663208,-0.049371652
15/04/2016,9.09939956665039,-0.015668916
18/04/2016,9.14799976348877,0.005326820647514388
19/04/2016,9.163700103759766,0.001714788275479825
20/04/2016,9.217599868774414,0.0058646471774245375
21/04/2016,9.245400428771973,0.003011491150948551
22/04/2016,9.306599617004395,0.006597607812990099
25/04/2016,9.309399604797363,0.0003008152053213038
26/04/2016,9.357600212097168,0.005164270091299758
27/04/2016,9.464699745178223,0.011380191494376092
28/04/2016,9.51039981842041,0.004816856053952442
29/04/2016,9.51729965209961,0.000725241009016111
02/05/2016,9.487600326538086,-0.003125441
03/05/2016,9.559700012207031,0.0075706298267045335
04/05/2016,9.685700416564941,0.013094266877225563
05/05/2016,9.623600006103516,-0.006432198
06/05/2016,9.672800064086914,0.005099413820298059
09/05/2016,9.789199829101562,0.01196189020547716
10/05/2016,9.798600196838379,0.0009598187081798317
11/05/2016,9.871299743652344,0.0073919926454431425
12/05/2016,9.871100425720215,-2.02E-05
13/05/2016,9.921899795532227,0.00513307540893782
16/05/2016,9.942299842834473,0.0020539518173871775
17/05/2016,10.022000312805176,0.00798434132483574
18/05/2016,10.074999809265137,0.005274381151862396
19/05/2016,10.055999755859375,-0.001887642
20/05/2016,10.104000091552734,0.004761947099387761
23/05/2016,10.166999816894531,0.00621576917401164
24/05/2016,10.201000213623047,0.00333861235852409
25/05/2016,10.234000205993652,0.003229754869497026
26/05/2016,10.255000114440918,0.0020498721726062903
27/05/2016,10.276000022888184,0.002045678791112968
30/05/2016,10.303000450134277,0.002624077177581188
31/05/2016,10.369999885559082,0.006481852553105656
01/06/2016,10.359999656677246,-0.000964808
02/06/2016,10.456999778747559,0.009319385766067674
03/06/2016,10.50100040435791,0.004198939772323366
06/06/2016,10.484000205993652,-0.001620224
07/06/2016,10.51200008392334,0.0026671646162864
08/06/2016,10.534000396728516,0.0020906889970831208
09/06/2016,10.560999870300293,0.0025597997604181644
10/06/2016,10.690999984741211,0.012234306120776186
13/06/2016,10.689000129699707,-0.000187077
14/06/2016,10.708999633789062,0.0018692877964288214
15/06/2016,10.77400016784668,0.0060513646150263
16/06/2016,10.743000030517578,-0.002881457
17/06/2016,10.850000381469727,0.009910732619868494
20/06/2016,10.82800006866455,-0.002029737
21/06/2016,10.972000122070312,0.013211206107534833
22/06/2016,11.005999565124512,0.003093954924005677
23/06/2016,10.907999992370605,-0.008944075
24/06/2016,10.88599967956543,-0.002018934
27/06/2016,10.793999671936035,-0.008487137
28/06/2016,10.803999900817871,0.000926032946966161
29/06/2016,10.657999992370605,-0.013605644
30/06/2016,10.472000122070312,-0.017605743
01/07/2016,9.991900444030762,-0.046930231
04/07/2016,9.411600112915039,-0.059831826
05/07/2016,9.44159984588623,0.003182457976005683
06/07/2016,9.530699729919434,0.009392697888779522
07/07/2016,9.598899841308594,0.0071303531563341686
08/07/2016,9.63070011138916,0.0033074322032352766
11/07/2016,9.966699600219727,0.034293571846672144
12/07/2016,10.220000267028809,0.025097114810677598
13/07/2016,10.58899974822998,0.03546909176813322
14/07/2016,10.255999565124512,-0.031952845
15/07/2016,10.093000411987305,-0.016020703
18/07/2016,10.177000045776367,0.008288121631981994
19/07/2016,9.8302001953125,-0.034670977
20/07/2016,9.790599822998047,-0.004036576
21/07/2016,9.633199691772461,-0.01620729
22/07/2016,9.251899719238281,-0.040386528
25/07/2016,9.399200439453125,0.015795720534984434
26/07/2016,9.540200233459473,0.014889848046626302
27/07/2016,9.880399703979492,0.03503849273766694
28/07/2016,9.96969985961914,0.00899751235963294
29/07/2016,10.236000061035156,0.026360445090873565
01/08/2016,10.156999588012695,-0.007747842
02/08/2016,10.251999855041504,0.009309711966836462
03/08/2016,10.140999794006348,-0.010886202
04/08/2016,10.109000205993652,-0.003160456
05/08/2016,10.065999984741211,-0.00426273
08/08/2016,9.97719955444336,-0.008860962
09/08/2016,9.872099876403809,-0.010589861
10/08/2016,10.187000274658203,0.031399840317942594
11/08/2016,10.376999855041504,0.0184793800843643
12/08/2016,10.439000129699707,0.005957000196764006
15/08/2016,10.456000328063965,0.001627202846891447
16/08/2016,10.366999626159668,-0.008548359
17/08/2016,9.986800193786621,-0.037363408
18/08/2016,9.912599563598633,-0.007457609
19/08/2016,9.82509994506836,-0.008866301
22/08/2016,9.825900077819824,8.143430369700387e-05
23/08/2016,9.821100234985352,-0.000488608
24/08/2016,9.860799789428711,0.004034123558581024
25/08/2016,9.879400253295898,0.0018845269381062048
26/08/2016,9.97189998626709,0.009319329345683304
29/08/2016,9.860400199890137,-0.01124438
30/08/2016,9.677300453186035,-0.018743772
31/08/2016,9.501700401306152,-0.018312211
01/09/2016,9.432900428771973,-0.007267148
02/09/2016,9.574899673461914,0.014941433059231051
05/09/2016,9.6899995803833,0.01194932555418568
06/09/2016,9.807999610900879,0.012103956923670913
07/09/2016,9.89169979095459,0.00849766100621288
08/09/2016,10.173999786376953,0.028139424875154775
09/09/2016,10.239999771118164,0.006466171856004275
12/09/2016,10.218000411987305,-0.002150686
13/09/2016,9.95259952545166,-0.026317135
14/09/2016,9.998800277709961,0.004631337680081521
15/09/2016,9.959500312805176,-0.003938213
16/09/2016,9.940199851989746,-0.001939775
19/09/2016,10.187000274658203,0.024525298269224973
20/09/2016,10.0600004196167,-0.012545218
21/09/2016,9.919699668884277,-0.014044561
22/09/2016,9.856300354003906,-0.006411765
23/09/2016,10.019000053405762,0.01637241505144767
26/09/2016,10.003000259399414,-0.001598222
27/09/2016,9.978300094604492,-0.002472329
28/09/2016,9.783699989318848,-0.01969501
29/09/2016,9.753999710083008,-0.003040307
30/09/2016,9.76669979095459,0.0013011913494987652
03/10/2016,9.88759994506836,0.012302822352567558
04/10/2016,10.015000343322754,0.012802562131590714
05/10/2016,9.86620044708252,-0.014969184
06/10/2016,9.803000450134277,-0.006426312
07/10/2016,9.891200065612793,0.008956972391510618
10/10/2016,9.901800155639648,0.001071094924647386
11/10/2016,9.88949966430664,-0.00124302
12/10/2016,9.890299797058105,8.090403074744533e-05
13/10/2016,9.940400123596191,0.0050528154155813285
14/10/2016,9.871100425720215,-0.006995935
17/10/2016,9.880900382995605,0.0009923002914420248
18/10/2016,9.875800132751465,-0.000516306
19/10/2016,9.892499923706055,0.0016895529589779426
20/10/2016,9.87559986114502,-0.001709832
21/10/2016,9.806599617004395,-0.007011465
24/10/2016,9.859299659729004,0.0053595483361967245
25/10/2016,9.868200302124023,0.0009023589422054121
26/10/2016,9.84630012512207,-0.002221734
27/10/2016,9.776300430297852,-0.007134629
28/10/2016,9.767999649047852,-0.000849432
31/10/2016,9.690600395202637,-0.007955317
01/11/2016,9.545900344848633,-0.015044605
02/11/2016,9.687700271606445,0.014745288601584803
03/11/2016,9.754400253295898,0.0068614235674030405
04/11/2016,9.805800437927246,0.005255600773686014
07/11/2016,9.73169994354248,-0.0075855
08/11/2016,9.679800033569336,-0.005347349
09/11/2016,9.629500389099121,-0.0052099
10/11/2016,9.934300422668457,0.031162114301905172
11/11/2016,9.813599586486816,-0.012224321
14/11/2016,9.779500007629395,-0.003480778
15/11/2016,9.824299812316895,0.004570530518266943
16/11/2016,9.81820011138916,-0.000621072
17/11/2016,9.821100234985352,0.00029533879172092403
18/11/2016,9.981900215148926,0.01624031820580475
21/11/2016,9.86400032043457,-0.011881676
22/11/2016,9.734000205993652,-0.013266866
23/11/2016,9.76669979095459,0.0033536863409325966
24/11/2016,9.829099655151367,0.006368719508775511
25/11/2016,9.820199966430664,-0.000905853
28/11/2016,9.805399894714355,-0.001508242
29/11/2016,9.845499992370605,0.004081253637003506
30/11/2016,9.834500312805176,-0.001117854
01/12/2016,9.833600044250488,-9.15E-05
02/12/2016,9.775300025939941,-0.005946299
05/12/2016,9.72760009765625,-0.004891583
06/12/2016,9.733699798583984,0.000626854440350148
07/12/2016,9.779000282287598,0.004643187760038759
08/12/2016,9.784099578857422,0.000521317860820052
09/12/2016,9.98169994354248,0.01999483478463428
12/12/2016,9.79580020904541,-0.018799667
13/12/2016,9.736499786376953,-0.006072056
14/12/2016,9.773099899291992,0.0037520150532641267
15/12/2016,9.931599617004395,0.016087851136983897
16/12/2016,9.849300384521484,-0.008321129
19/12/2016,9.774299621582031,-0.007643972
20/12/2016,9.78950023651123,0.0015539535364594392
21/12/2016,9.769700050354004,-0.002024642
22/12/2016,9.76729965209961,-0.000245728
23/12/2016,9.776700019836426,0.0009619697727715913
26/12/2016,9.777600288391113,9.20788308589996e-05
27/12/2016,9.772199630737305,-0.000552503
28/12/2016,9.769399642944336,-0.000286567
29/12/2016,9.804300308227539,0.0035660812576110623
30/12/2016,9.758500099182129,-0.004682386
02/01/2017,9.911199569702148,0.015526677151293095
03/01/2017,9.88659954071045,-0.002485129
04/01/2017,9.861000061035156,-0.002592669
05/01/2017,9.809499740600586,-0.005236312
06/01/2017,9.831700325012207,0.002260614808861901
09/01/2017,10.012999534606934,0.01827231000286643
10/01/2017,10.071999549865723,0.0058750498036166466
11/01/2017,10.133000373840332,0.006038209309134335
12/01/2017,9.969799995422363,-0.016236938
13/01/2017,10.010000228881836,0.0040240930596004
16/01/2017,9.896400451660156,-0.011413516
17/01/2017,9.8681001663208,-0.002863751
18/01/2017,9.877099990844727,0.0009115962436981424
19/01/2017,9.892000198364258,0.0015074242326090083
20/01/2017,9.875900268554688,-0.001628897
23/01/2017,9.76449966430664,-0.011344148
24/01/2017,9.778300285339355,0.001412348625817729
25/01/2017,9.82509994506836,0.004774656242070177
26/01/2017,9.731499671936035,-0.009572317
27/01/2017,9.77560043334961,0.004521516402635719
30/01/2017,9.797900199890137,0.0022785680095246757
31/01/2017,9.81659984588623,0.0019067171345458905
01/02/2017,9.86400032043457,0.004816983811652692
02/02/2017,9.828100204467773,-0.003646148
03/02/2017,9.84000015258789,0.001210076149313888
06/02/2017,9.82229995727539,-0.00180042
07/02/2017,9.843799591064453,0.0021864673573305043
08/02/2017,9.7923002243042,-0.005245388
09/02/2017,9.710399627685547,-0.008398948
10/02/2017,9.820899963378906,0.0113153263747766
13/02/2017,9.776599884033203,-0.004521001
14/02/2017,9.871100425720215,0.009619575718591367
15/02/2017,9.84630012512207,-0.002515576
16/02/2017,9.64210033416748,-0.020956801
17/02/2017,9.692700386047363,0.005234102810911014
20/02/2017,9.710599899291992,0.0018449973003480534
21/02/2017,9.748800277709961,0.003926167008374185
22/02/2017,9.734600067138672,-0.001457673
23/02/2017,9.631500244140625,-0.010647554
24/02/2017,9.5600004196167,-0.007451231
27/02/2017,9.50529956817627,-0.005738279
28/02/2017,9.449999809265137,-0.005834771
01/03/2017,9.475000381469727,0.0026420699070786036
02/03/2017,9.5649995803833,0.0094537677930533
03/03/2017,9.64210033416748,0.00802840285683842
06/03/2017,9.625499725341797,-0.001723164
07/03/2017,9.725000381469727,0.0102841303880806
08/03/2017,9.636899948120117,-0.009100454
09/03/2017,9.669400215148926,0.0033668074622510585
10/03/2017,9.53849983215332,-0.013630059
13/03/2017,9.527299880981445,-0.001174874
14/03/2017,9.590700149536133,0.006632545336500167
15/03/2017,9.600600242614746,0.001031727267512399
16/03/2017,9.406499862670898,-0.020424697
17/03/2017,9.437299728393555,0.0032689684478424985
20/03/2017,9.575400352478027,0.014527452944339887
21/03/2017,9.535099983215332,-0.004217622
22/03/2017,9.406499862670898,-0.0135788
23/03/2017,9.523099899291992,0.01231949040455768
24/03/2017,9.480400085449219,-0.004493897
27/03/2017,9.484800338745117,0.00046403447118256806
28/03/2017,9.509699821472168,0.0026217585911169966
29/03/2017,9.52970027923584,0.002100955388797789
30/03/2017,9.547300338745117,0.0018451605527699214
31/03/2017,9.597299575805664,0.005223337229520796
03/04/2017,9.651800155639648,0.005662677863229671
04/04/2017,9.616100311279297,-0.003705633
05/04/2017,9.547599792480469,-0.007149017
06/04/2017,9.432600021362305,-0.012118016
07/04/2017,9.451000213623047,0.0019488019080229327
10/04/2017,9.488200187683105,0.003928362455760736
11/04/2017,9.4399995803833,-0.005093005
12/04/2017,9.425000190734863,-0.001590182
13/04/2017,9.449999809265137,0.002648967750872635
14/04/2017,9.399999618530273,-0.005305073
17/04/2017,9.390999794006348,-0.000957887
18/04/2017,9.35990047454834,-0.003317105
19/04/2017,9.29990005493164,-0.006431004
20/04/2017,9.366800308227539,0.00716790203218698
21/04/2017,9.311699867248535,-0.005899896
24/04/2017,9.406299591064453,0.01010797435613555
25/04/2017,9.301199913024902,-0.011236219
26/04/2017,9.238499641418457,-0.006763919
27/04/2017,9.313799858093262,0.008117660042892267
28/04/2017,9.350700378417969,0.003954091235758157
01/05/2017,9.315400123596191,-0.003782289
02/05/2017,9.309000015258789,-0.000687282
03/05/2017,9.26930046081543,-0.004273762
04/05/2017,9.29069995880127,0.002305981356117051
05/05/2017,9.136699676513672,-0.016714661
08/05/2017,9.185400009155273,0.005316033442365908
09/05/2017,9.197699546813965,0.001338135547441062
10/05/2017,9.149100303649902,-0.005297857
11/05/2017,9.090100288391113,-0.006469606
12/05/2017,9.167099952697754,0.00843504149953591
15/05/2017,9.142499923706055,-0.00268712
16/05/2017,9.098199844360352,-0.004857288
17/05/2017,9.145899772644043,0.0052290919228530275
18/05/2017,9.156100273132324,0.001114687085451759
19/05/2017,9.290900230407715,0.014615097635232254
22/05/2017,9.273599624633789,-0.001863838
23/05/2017,9.236900329589844,-0.003965246
24/05/2017,9.328499794006348,0.009867840939760258
25/05/2017,9.248000144958496,-0.008666881
26/05/2017,9.305399894714355,0.006187537892258378
29/05/2017,9.218400001525879,-0.009393379
30/05/2017,9.217300415039062,-0.000119289
31/05/2017,9.174699783325195,-0.004632526
01/06/2017,9.197799682617188,0.0025146182757682695
02/06/2017,9.241999626159668,0.004793981480332135
05/06/2017,9.257599830627441,0.0016865455062450587
06/06/2017,9.249699592590332,-0.000853743
07/06/2017,9.257800102233887,0.0008753759604917652
08/06/2017,9.192000389099121,-0.007132868
09/06/2017,9.231300354003906,0.004266339139019692
12/06/2017,9.19279956817627,-0.0041794
13/06/2017,9.141200065612793,-0.005628847
14/06/2017,9.153900146484375,0.0013883589337408246
15/06/2017,9.236700057983398,0.009004651295219181
16/06/2017,9.163800239562988,-0.007923719
19/06/2017,9.173199653625488,0.0010251856836437305
20/06/2017,9.197699546813965,0.0026672518798336333
21/06/2017,9.165900230407715,-0.003463302
22/06/2017,9.165900230407715,0
23/06/2017,9.241299629211426,0.008192426994461615
26/06/2017,9.206999778747559,-0.003718488
27/06/2017,9.181900024414062,-0.002729883
28/06/2017,9.12030029296875,-0.006731427
29/06/2017,9.215299606323242,0.01036237308302862
30/06/2017,9.10420036315918,-0.012129218
03/07/2017,9.063899993896484,-0.004436395
04/07/2017,9.150300025939941,0.00948717813527706
05/07/2017,9.104100227355957,-0.005061782
06/07/2017,9.008199691772461,-0.010589647
07/07/2017,9.100000381469727,0.010139216021342112
10/07/2017,9.039199829101562,-0.006703799
12/07/2017,8.867600440979004,-0.019166422
13/07/2017,8.902600288391113,0.003939166833616372
14/07/2017,8.821499824523926,-0.009151498
17/07/2017,8.788200378417969,-0.003781948
18/07/2017,8.793299674987793,0.0005800752719985524
19/07/2017,8.853599548339844,0.006834074052184637
20/07/2017,8.832099914550781,-0.002431303
21/07/2017,8.670100212097168,-0.018512453
24/07/2017,8.758299827575684,0.010121453287189514
25/07/2017,8.787500381469727,0.0033284980457203546
26/07/2017,8.784299850463867,-0.00036428
27/07/2017,8.73069953918457,-0.006120523
28/07/2017,8.852800369262695,0.01388833774108734
31/07/2017,8.825799942016602,-0.003054591
01/08/2017,8.771599769592285,-0.00616004
02/08/2017,8.903200149536133,0.014891575859575448
03/08/2017,8.964300155639648,0.006839260470120231
04/08/2017,9.026800155639648,0.006947907614597365
07/08/2017,9.092300415039062,0.007229999576156822
08/08/2017,9.07390022277832,-0.002025762
09/08/2017,8.961899757385254,-0.012419954
10/08/2017,8.840100288391113,-0.01368401
11/08/2017,8.828200340270996,-0.00134704
14/08/2017,8.895899772644043,0.0076392890109185044
15/08/2017,8.996800422668457,0.01127853465520042
16/08/2017,8.942099571228027,-0.006098593
17/08/2017,8.928600311279297,-0.00151077
18/08/2017,8.956999778747559,0.003175682246342888
21/08/2017,8.958499908447266,0.00016746724673113926
22/08/2017,8.935799598693848,-0.002537157
23/08/2017,8.976499557495117,0.00454436680501009
24/08/2017,8.957099914550781,-0.002163498
25/08/2017,8.937199592590332,-0.002224209
28/08/2017,8.928199768066406,-0.001007515
29/08/2017,8.988200187683105,0.006697846003884373
30/08/2017,9.071100234985352,0.009180934771770247
31/08/2017,9.03600025177002,-0.003876935
01/09/2017,9.01990032196045,-0.001783343
04/09/2017,9.093999862670898,0.008181557068717928
05/09/2017,9.092100143432617,-0.00020892
06/09/2017,9.077199935913086,-0.001640152
07/09/2017,9.103899955749512,0.0029371203271408614
08/09/2017,9.08180046081543,-0.002430427
11/09/2017,9.139599800109863,0.006344137368807501
12/09/2017,9.262700080871582,0.013378992601146496
13/09/2017,9.215200424194336,-0.005141251
14/09/2017,9.389399528503418,0.018727002537020067
15/09/2017,9.340999603271484,-0.005168073
18/09/2017,9.50629997253418,0.017541463401006506
19/09/2017,9.594799995422363,0.009266550755664219
20/09/2017,9.66819953918457,0.007620817190443115
21/09/2017,9.577400207519531,-0.009435924
22/09/2017,9.373700141906738,-0.021498267
25/09/2017,9.477499961853027,0.01101265366983445
26/09/2017,9.486100196838379,0.0009070256178149128
27/09/2017,9.561400413513184,0.007906613103168142
28/09/2017,9.571499824523926,0.0010557115568573822
29/09/2017,9.628199577331543,0.005906333891030486
02/10/2017,9.680999755859375,0.00546892796718019
03/10/2017,9.673700332641602,-0.000754279
04/10/2017,9.67710018157959,0.00035139104146868097
05/10/2017,9.646300315856934,-0.003187834
06/10/2017,9.589599609,-0.005895318
09/10/2017,9.541099548339844,-0.005070402
10/10/2017,9.60669994354248,0.006852030374930976
11/10/2017,9.585100173950195,-0.002250938
12/10/2017,9.552800178527832,-0.003375504
13/10/2017,9.621299743652344,0.007145040113483027
16/10/2017,9.64739990234375,0.002709074834682825
17/10/2017,9.660300254821777,0.0013362911473319343
18/10/2017,9.635700225830078,-0.002549756
19/10/2017,9.69849967956543,0.006496226882133312
20/10/2017,9.689800262451172,-0.000897388
23/10/2017,9.71090030670166,0.0021751846016820424
24/10/2017,9.778400421142578,0.006926917007800054
25/10/2017,9.814299583435059,0.003664548781739396
26/10/2017,9.850099563598633,0.0036410997811551125
27/10/2017,10.119999885559082,0.027032089438459545
30/10/2017,9.9975004196167,-0.012178549
31/10/2017,9.969900131225586,-0.002764537
01/11/2017,9.993900299072266,0.002404369798480367
02/11/2017,10.00100040435791,0.0007101916322946836
03/11/2017,10.006999969482422,0.0005997166325699846
06/11/2017,10.027000427246094,0.001996652092654942
07/11/2017,9.993599891662598,-0.00333662
08/11/2017,9.96660041809082,-0.002705333
09/11/2017,9.924400329589844,-0.00424314
10/11/2017,9.881099700927734,-0.004372593
13/11/2017,9.800600051879883,-0.008180198
14/11/2017,9.86970043182373,0.007025888013416241
15/11/2017,9.893099784851074,0.0023680211007719152
17/11/2017,9.976900100708008,0.008434908222326013
20/11/2017,10.020000457763672,0.004310710419479757
21/11/2017,10.050000190734863,0.002989512141963123
22/11/2017,10.029999732971191,-0.001992078
23/11/2017,10.020000457763672,-0.000997434
24/11/2017,10.081000328063965,0.006069355272888814
27/11/2017,10.029000282287598,-0.005171572
28/11/2017,10.125,0.009526688739398824
29/11/2017,10.126999855041504,0.0001974970434838752
30/11/2017,10.03499984741211,-0.009126143
01/12/2017,10.03499984741211,0
04/12/2017,10.13599967956543,0.010014444362592368
05/12/2017,10.114999771118164,-0.002073963
06/12/2017,10.366999626159668,0.024608200288618983
07/12/2017,10.376999855041504,0.0009641563735654401
08/12/2017,10.321999549865723,-0.005314309
11/12/2017,10.201000213623047,-0.01179172
12/12/2017,10.180000305175781,-0.002060735
13/12/2017,10.053999900817871,-0.012454486
14/12/2017,9.909199714660645,-0.014506966
15/12/2017,9.775799751281738,-0.013553671
18/12/2017,9.974599838256836,0.020131926993174423
19/12/2017,9.841099739074707,-0.013474379
20/12/2017,9.686599731445312,-0.015824008
21/12/2017,9.703800201416016,0.0017741227145201806
22/12/2017,9.760100364685059,0.005785101510983701
25/12/2017,9.704299926757812,-0.005733605
26/12/2017,9.695899963378906,-0.000865967
27/12/2017,9.707500457763672,0.001195717813901122
28/12/2017,9.849699974060059,0.01454216545445463
29/12/2017,9.89579963684082,0.004669392767900047
01/01/2018,9.943900108337402,0.004848920735629834
02/01/2018,9.935700416564941,-0.000824935
03/01/2018,10.03600025177002,0.010044280166204348
04/01/2018,10.034000396728516,-0.000199288
05/01/2018,10.07699966430664,0.004276200384956274
08/01/2018,10.112000465393066,0.0034673174429026114
09/01/2018,10.048999786376953,-0.006249778
10/01/2018,9.875800132751465,-0.017385772
11/01/2018,9.57859992980957,-0.030555897
12/01/2018,9.708100318908691,0.013429185255206684
15/01/2018,9.680999755859375,-0.002795445
16/01/2018,9.77560043334961,0.009724352872175651
17/01/2018,9.697500228881836,-0.008021385
18/01/2018,9.651800155639648,-0.004723701
19/01/2018,9.808500289916992,0.016104943665552957
22/01/2018,9.773500442504883,-0.0035747
23/01/2018,9.634900093078613,-0.014282754
24/01/2018,9.664999961853027,0.003119176067529635
25/01/2018,9.659000396728516,-0.000620944
26/01/2018,9.713000297546387,0.00557506078340808
29/01/2018,9.685999870300293,-0.002783694
30/01/2018,9.76099967956543,0.007713290774173085
31/01/2018,9.74899959564209,-0.001230147
01/02/2018,9.713000297546387,-0.003699449
02/02/2018,9.751999855041504,0.004007152260458635
05/02/2018,9.81149959564209,0.006082748560108315
06/02/2018,9.689000129699707,-0.012563891
07/02/2018,9.770999908447266,0.008427570803212232
08/02/2018,9.755999565124512,-0.00153637
09/02/2018,9.736000061035156,-0.002052074
12/02/2018,9.720000267028809,-0.001644716
13/02/2018,9.711000442504883,-0.000926337
14/02/2018,9.70300006866455,-0.000824186
15/02/2018,9.789999961853027,0.008926329526101244
16/02/2018,9.781000137329102,-0.00091971
19/02/2018,9.83650016784668,0.0056582314490913116
20/02/2018,9.895000457763672,0.005929651518805521
21/02/2018,9.810999870300293,-0.008525433
22/02/2018,9.795999526977539,-0.001530101
23/02/2018,9.8149995803833,0.0019376941732175152
26/02/2018,9.743800163269043,-0.007280583
27/02/2018,9.717000007629395,-0.002754272
28/02/2018,9.729000091552734,0.001234195761121421
01/03/2018,9.755999565124512,0.0027713103749066412
02/03/2018,9.753999710083008,-0.000205008
05/03/2018,9.729999542236328,-0.002463578
06/03/2018,9.744999885559082,0.0015404720646852118
07/03/2018,9.746999740600586,0.00020519752584415122
08/03/2018,9.666000366210938,-0.008344907
09/03/2018,9.63700008392334,-0.003004746
12/03/2018,9.666000366210938,0.003004745731793504
13/03/2018,9.663999557495117,-0.000207016
14/03/2018,9.564000129699707,-0.010401532
15/03/2018,9.609000205993652,0.004694117575385885
16/03/2018,9.562000274658203,-0.004903242
19/03/2018,9.517999649047852,-0.004612233
20/03/2018,9.406299591064453,-0.011805072
21/03/2018,9.517000198364258,0.011700059858361993
22/03/2018,9.51200008392334,-0.000525526
23/03/2018,9.526000022888184,0.001470736570003458
26/03/2018,9.439599990844727,-0.009111299
27/03/2018,9.456999778747559,0.0018415792293300353
28/03/2018,9.449000358581543,-0.000846231
29/03/2018,9.46500015258789,0.0016918470329225952
30/03/2018,9.467000007629395,0.00021126717008436582
02/04/2018,9.428500175476074,-0.004075032
03/04/2018,9.442700386047363,0.001504961298585581
04/04/2018,9.442999839782715,3.171221948841261e-05
05/04/2018,9.254400253295898,-0.020174568
06/04/2018,9.387299537658691,0.014258521212226816
09/04/2018,9.37399959564209,-0.001417806
10/04/2018,9.347200393676758,-0.002862981
11/04/2018,9.442999839782715,0.01019683398579137
12/04/2018,9.444000244140625,0.00010593576051251483
13/04/2018,9.515999794006348,0.007594925718960398
16/04/2018,9.491299629211426,-0.00259902
17/04/2018,9.477700233459473,-0.001433855
18/04/2018,9.564000129699707,0.009064367727672482
19/04/2018,9.51099967956543,-0.005557073
20/04/2018,9.47599983215332,-0.003686721
23/04/2018,9.416799545288086,-0.006266989
24/04/2018,9.496999740600586,0.008480652118162612
25/04/2018,9.534000396728516,0.003888466447614171
26/04/2018,9.559200286865234,0.0026396731681392776
27/04/2018,9.686300277709961,0.013208473146725653
30/04/2018,9.73449993133545,0.004963724673628969
01/05/2018,9.737000465393066,0.00025684040987242765
02/05/2018,9.942000389099121,0.02083513701641754
03/05/2018,9.96399974822998,0.0022103253225806687
04/05/2018,9.937999725341797,-0.002612807
07/05/2018,10.024999618530273,0.008716169597831492
08/05/2018,10.013999938964844,-0.001097827
09/05/2018,9.994000434875488,-0.001999151
10/05/2018,9.831100463867188,-0.016434079
11/05/2018,9.890000343322754,0.005973302926849868
14/05/2018,9.836999893188477,-0.005373405
15/05/2018,9.890000343322754,0.005373404676270058
16/05/2018,9.958999633789062,0.006952447828892371
17/05/2018,10.045000076293945,0.008598377684470386
18/05/2018,10.107999801635742,0.006252164039352544
21/05/2018,10.100000381469727,-0.000791708
22/05/2018,10.178999900817871,0.007791303109910864
23/05/2018,10.20300006866455,0.0023550366966035015
24/05/2018,10.253999710083008,0.004986043664950068
25/05/2018,10.333000183105469,0.007674829864715951
28/05/2018,10.350000381469727,0.0016438816156823864
29/05/2018,10.36299991607666,0.001255205535361115
30/05/2018,10.388999938964844,0.00250578610969861
31/05/2018,10.258000373840332,-0.012689623
01/06/2018,10.32699966430664,0.00670386677202947
04/06/2018,10.317999839782715,-0.000871865
05/06/2018,10.204000473022461,-0.011110081
06/06/2018,10,-0.020194754
07/06/2018,9.946999549865723,-0.00531414
08/06/2018,10.11299991607666,0.01655076370446736
11/06/2018,10.093999862670898,-0.001880542
12/06/2018,10.116000175476074,0.002177171841060233
13/06/2018,10.11400032043457,-0.000197712
14/06/2018,9.983799934387207,-0.012956862
15/06/2018,9.914999961853027,-0.006915015
18/06/2018,9.937100410461426,0.0022265107796040186
19/06/2018,9.944000244140625,0.0006941098559976593
20/06/2018,9.937000274658203,-0.000704187
21/06/2018,10.032999992370605,0.009614467293867814
22/06/2018,10.067000389099121,0.0033831272151905955
25/06/2018,10.064000129699707,-0.000298074
26/06/2018,9.778800010681152,-0.028747935
27/06/2018,9.984999656677246,0.020867154259612997
28/06/2018,9.968000411987305,-0.001703929
29/06/2018,9.947999954223633,-0.002008482
02/07/2018,9.939000129699707,-0.000905096
03/07/2018,9.981100082397461,0.004226887910334923
04/07/2018,10.012999534606934,0.003190889301003931
05/07/2018,9.859800338745117,-0.015418283
06/07/2018,9.786999702453613,-0.007410975
09/07/2018,9.662699699401855,-0.012781863
10/07/2018,9.751999855041504,0.009199296147306574
11/07/2018,9.769000053405762,0.0017417348231848781
12/07/2018,9.732600212097168,-0.003733015
13/07/2018,9.87279987335205,0.014302391234436667
16/07/2018,9.892000198364258,0.001942881383297648
17/07/2018,9.932000160217285,0.004035514065174423
18/07/2018,10.01099967956543,0.007922572651756004
19/07/2018,9.933300018310547,-0.007791705
20/07/2018,9.797900199890137,-0.013724654
23/07/2018,9.740400314331055,-0.005885881
24/07/2018,9.770000457763672,0.003034296064850043
25/07/2018,9.836000442504883,0.006732656433541686
26/07/2018,9.930700302124023,0.009581830107707065
27/07/2018,9.96500015258789,0.0034479695271917156
30/07/2018,9.965999603271484,0.00010029107387229862
31/07/2018,10.008999824523926,0.004305410654040262
01/08/2018,9.9350004196167,-0.007420752
02/08/2018,9.814299583435059,-0.012223455
03/08/2018,9.92300033569336,0.011014865430615898
06/08/2018,9.949999809265137,0.0027172032392387777
07/08/2018,9.98900032043457,0.003911987627587674
08/08/2018,9.935999870300293,-0.005320007
09/08/2018,9.944000244140625,0.000804866622351125
10/08/2018,9.954000473022461,0.001005149197242372
13/08/2018,9.98900032043457,0.0035099916715525276
14/08/2018,10.006999969482422,0.0018003254299402507
15/08/2018,10.067000389099121,0.005977941339540258
16/08/2018,10.192000389099121,0.012340350608485878
17/08/2018,10.208999633789062,0.0016665113087736085
20/08/2018,10.237000465393066,0.002739005083997305
21/08/2018,10.220000267028809,-0.001662042
22/08/2018,10.107000350952148,-0.011118323
23/08/2018,9.961999893188477,-0.014450444
24/08/2018,10.100000381469727,0.013757617687296879
27/08/2018,10.095000267028809,-0.000495183
28/08/2018,10.206999778747559,0.011033459528430045
29/08/2018,10.265999794006348,0.005763706327670182
30/08/2018,10.17199993133545,-0.009198603
31/08/2018,10.166000366210938,-0.000589986
03/09/2018,10.272000312805176,0.010372922352001981
04/09/2018,10.274999618530273,0.0002919458564680506
05/09/2018,10.345000267028809,0.006789613753570549
06/09/2018,10.291000366210938,-0.005233575
07/09/2018,10.293999671936035,0.00029140692161900585
10/09/2018,10.24899959564209,-0.004381069
11/09/2018,10.295999526977539,0.004575323955448228
12/09/2018,10.317000389099121,0.002037633481132771
13/09/2018,10.312999725341797,-0.000387849
14/09/2018,10.354000091552734,0.0039677186202670255
17/09/2018,10.543000221252441,0.018089226258564847
18/09/2018,10.744000434875488,0.018885346116528902
19/09/2018,10.82800006866455,0.0077878783963821925
20/09/2018,11.112000465393066,0.025890269240624292
21/09/2018,11.439000129699707,0.029002933547847318
24/09/2018,11.588000297546387,0.012941524702302337
25/09/2018,11.85099983215332,0.022442132459013154
26/09/2018,11.925999641418457,0.00630862259047415
27/09/2018,11.923999786376953,-0.000167703
28/09/2018,12.125,0.016716278923106728
01/10/2018,12.234000205993652,0.008949540834626736
02/10/2018,12.480999946594238,0.01998850599917821
03/10/2018,11.973999977111816,-0.041469853
04/10/2018,11.538999557495117,-0.037005067
05/10/2018,11.381999969482422,-0.013699406
08/10/2018,11.494999885559082,0.009878990759714055
09/10/2018,11.883000373840332,0.03319669050855363
10/10/2018,12.432999610900879,0.045245357907139815
11/10/2018,12.21500015258789,-0.017689479
12/10/2018,12.265000343322754,0.004084988500974439
15/10/2018,12.211000442504883,-0.004412485
16/10/2018,12.220000267028809,0.0007367545061314255
17/10/2018,12.045000076293945,-0.014424333
18/10/2018,11.833999633789062,-0.017672929
19/10/2018,11.916000366210938,0.0069053522749003985
22/10/2018,11.753000259399414,-0.013773516
23/10/2018,11.689000129699707,-0.00546031
24/10/2018,11.463000297546387,-0.019523757
25/10/2018,11.63700008392334,0.015065201247722104
26/10/2018,11.666999816894531,0.0025746438097063364
29/10/2018,11.463000297546387,-0.017639845
30/10/2018,11.534000396728516,0.0061747464996729715
31/10/2018,11.673999786376953,0.012064898892896131
01/11/2018,11.83899974822998,0.014035016680788652
02/11/2018,11.838000297546387,-8.44E-05
05/11/2018,11.843000411987305,0.0004222891233824004
06/11/2018,11.63599967956543,-0.017633297
07/11/2018,11.612000465393066,-0.002064627
08/11/2018,11.623000144958496,0.0009468198922505795
09/11/2018,11.690999984741211,0.005833407586243256
12/11/2018,11.791999816894531,0.008602006199532783
13/11/2018,11.817999839782715,0.0022024594473863046
14/11/2018,11.904999732971191,0.007334678142427605
15/11/2018,11.885000228881836,-0.001681337
16/11/2018,11.843999862670898,-0.003455721
19/11/2018,11.706999778747559,-0.011634464
20/11/2018,11.810999870300293,0.008844355050068857
21/11/2018,11.866999626159668,0.00473011753204134
22/11/2018,11.888999938964844,0.001852190562169732
23/11/2018,11.869000434875488,-0.001683602
26/11/2018,11.836999893188477,-0.002699786
27/11/2018,11.883999824523926,0.003962732886392729
28/11/2018,11.902999877929688,0.0015975160956991905
29/11/2018,11.911999702453613,0.0007558114726795197
30/11/2018,12.00100040435791,0.007443742939990411
03/12/2018,11.937999725341797,-0.005263447
04/12/2018,11.868000030517578,-0.005880862
05/12/2018,11.711000442504883,-0.013317096
06/12/2018,11.817000389099121,0.009010596738537628
07/12/2018,11.812000274658203,-0.000423218
10/12/2018,11.87600040435791,0.005403603815689763
11/12/2018,11.835000038146973,-0.003458345
12/12/2018,11.911999702453613,0.006485024213817052
13/12/2018,11.956000328063965,0.003687001457967267
14/12/2018,11.96399974822998,0.0006688478627690707
17/12/2018,12.01099967956543,0.003920750170192783
18/12/2018,12.017000198364258,0.0004994605422052707
19/12/2018,11.965999603271484,-0.004253069
20/12/2018,11.97700023651123,0.0009189018992957294
21/12/2018,11.847000122070312,-0.010913482
24/12/2018,11.913999557495117,0.00563946078838388
25/12/2018,11.92199993133545,0.0006712849733456108
26/12/2018,11.92199993133545,0
27/12/2018,11.92199993133545,0
28/12/2018,11.875,-0.003950077
31/12/2018,11.916999816894531,0.003530586822900052
01/01/2019,11.920000076293945,0.00025173129409751397
02/01/2019,11.920000076293945,0
03/01/2019,11.961999893188477,0.0035172816554265352
04/01/2019,11.98900032043457,0.0022546397597680797
07/01/2019,11.968000411987305,-0.001753134
08/01/2019,11.885000228881836,-0.006959336
09/01/2019,11.916999816894531,0.002688816673405242
10/01/2019,11.920000076293945,0.00025173129409751397
11/01/2019,11.88599967956543,-0.002856458
14/01/2019,11.913999557495117,0.00235293207942959
15/01/2019,11.831000328063965,-0.006990909
16/01/2019,11.901000022888184,0.005899199122809468
17/01/2019,11.892999649047852,-0.00067247
18/01/2019,11.887999534606934,-0.000420513
21/01/2019,11.89799976348877,0.0008408500602150528
22/01/2019,11.920999526977539,0.0019312121686207828
23/01/2019,11.954999923706055,0.0028480834724274617
24/01/2019,11.946000099182129,-0.000753092
25/01/2019,11.958000183105469,0.0010040231584420038
28/01/2019,11.854999542236328,-0.008650845
29/01/2019,11.932999610900879,0.006557957876720838
30/01/2019,11.944999694824219,0.0010051164488249066
31/01/2019,11.92199993133545,-0.001927328
01/02/2019,11.944999694824219,0.0019273281911082686
04/02/2019,11.888999938964844,-0.004699157
05/02/2019,11.895000457763672,0.0005045844959679617
06/02/2019,11.883000373840332,-0.001009343
07/02/2019,11.878999710083008,-0.000336728
08/02/2019,11.836999893188477,-0.003541901
11/02/2019,11.765000343322754,-0.006101159
12/02/2019,11.805999755859375,0.003478804778098944
13/02/2019,11.86299991607666,0.004816449465459967
14/02/2019,11.927000045776367,0.0053804358299885035
15/02/2019,11.843000411987305,-0.007067731
18/02/2019,11.82800006866455,-0.001267403
19/02/2019,11.906999588012695,0.006656820073123288
20/02/2019,11.90999984741211,0.00025194268685433665
21/02/2019,11.942000389099121,0.0026832601517455886
22/02/2019,11.925999641418457,-0.00134077
25/02/2019,11.878000259399414,-0.004032889
26/02/2019,11.940999984741211,0.0052898838410867545
27/02/2019,11.965999603271484,0.0020914065397925653
28/02/2019,12.015999794006348,0.004169816065307177
01/03/2019,12.015000343322754,-8.32E-05
04/03/2019,11.968000411987305,-0.003919442
05/03/2019,12.003000259399414,0.002920184498228782
06/03/2019,12.017000198364258,0.0011656902817100765
07/03/2019,12.01099967956543,-0.000499461
08/03/2019,12.015000343322754,0.00033302786901581976
11/03/2019,11.954000473022461,-0.005089908
12/03/2019,11.961999893188477,0.0006689597208431268
13/03/2019,11.984999656677246,0.0019208895471811195
14/03/2019,11.972000122070312,-0.001085239
15/03/2019,11.968000411987305,-0.000334145
18/03/2019,11.987000465393066,0.001586312393584039
19/03/2019,11.972999572753906,-0.001168689
20/03/2019,11.99899959564209,0.0021692002323751127
21/03/2019,12,8.337050504973418e-05
22/03/2019,12.019000053405762,0.0015820856260961532
25/03/2019,11.937999725341797,-0.006762169
26/03/2019,12.01200008392334,0.006179590368304279
27/03/2019,12.090999603271484,0.006555184272514088
28/03/2019,12.166000366210938,0.006183864619468573
29/03/2019,12.130999565124512,-0.002881082
01/04/2019,12.145000457763672,0.0011534762051669217
02/04/2019,12.114999771118164,-0.002473265
03/04/2019,12.116000175476074,8.25722719394729e-05
04/04/2019,12.10099983215332,-0.001238828
05/04/2019,12.031000137329102,-0.005801416
08/04/2019,12.043000221252441,0.0009969331842221347
09/04/2019,12.024999618530273,-0.001495812
10/04/2019,12.045999526977539,0.0017448310847472312
11/04/2019,12.100000381469727,0.004472868775601129
12/04/2019,12.208000183105469,0.008886005411792233
15/04/2019,12.463000297546387,0.020672789177707755
16/04/2019,12.388999938964844,-0.005955302
17/04/2019,12.232999801635742,-0.012671775
18/04/2019,12.267999649047852,0.0028570157956091685
19/04/2019,12.265000343322754,-0.000244512
22/04/2019,12.284000396728516,0.0015479291724142404
23/04/2019,12.241000175476074,-0.003506647
24/04/2019,12.343000411987305,0.008298146711521199
25/04/2019,12.479999542236328,0.011038192121493746
26/04/2019,12.520000457763672,0.003200075973045783
29/04/2019,12.649999618530273,0.010329782783273832
30/04/2019,12.71399974822998,0.005046543693816197
01/05/2019,12.715999603271484,0.00015728313776062908
02/05/2019,12.711000442504883,-0.000393217
03/05/2019,12.875,0.0128196514245172
06/05/2019,12.913999557495117,0.0030245133889581794
07/05/2019,12.8149995803833,-0.007695633
08/05/2019,12.87399959564209,0.0045934151496930965
09/05/2019,12.85099983215332,-0.001788126
10/05/2019,12.857000350952148,0.00046682113467093106
13/05/2019,12.84000015258789,-0.001323127
14/05/2019,13.083999633789062,0.01882477154131116
15/05/2019,13.305999755859375,0.016824961284616566
16/05/2019,13.467000007629395,0.012027206062894992
17/05/2019,13.571000099182129,0.007692921373191303
20/05/2019,13.78499984741211,0.015645862999013594
21/05/2019,13.789999961853027,0.0003626556322977496
23/05/2019,13.39900016784668,-0.028763599
24/05/2019,13.015999794006348,-0.029000736
27/05/2019,12.682000160217285,-0.025995676
28/05/2019,13.074999809265137,0.030518317451954356
29/05/2019,13.40999984741211,0.025298690551688662
30/05/2019,13.373000144958496,-0.002762926
31/05/2019,13.413000106811523,0.002986634152938248
03/06/2019,13.069000244140625,-0.025981362
04/06/2019,13.11400032043457,0.0034373539801740008
05/06/2019,12.961999893188477,-0.011658395
06/06/2019,13.109000205993652,0.011277041164416643
07/06/2019,13.314000129699707,0.015517089990532756
10/06/2019,13.232000350952148,-0.006177958
11/06/2019,13.223999977111816,-0.000604806
12/06/2019,13.135000228881836,-0.006752918
13/06/2019,13.210000038146973,0.005693680859125692
14/06/2019,13.09000015258789,-0.00912553
17/06/2019,13.062000274658203,-0.002141319
18/06/2019,13.090999603271484,0.0022176683847860254
19/06/2019,12.973999977111816,-0.008977588
20/06/2019,12.791999816894531,-0.014127392
21/06/2019,12.788999557495117,-0.000234569
24/06/2019,12.847000122070312,0.00452493870057245
25/06/2019,13.01099967956543,0.012684798342038485
26/06/2019,12.970999717712402,-0.003079054
27/06/2019,12.866000175476074,-0.008127888
28/06/2019,12.894000053405762,0.002173904402784451
01/07/2019,12.793000221252441,-0.007863927
02/07/2019,12.873000144958496,0.006233942308455874
03/07/2019,12.800999641418457,-0.005608841
04/07/2019,12.835000038146973,0.0026525524332314553
05/07/2019,12.817000389099121,-0.001403372
08/07/2019,12.765000343322754,-0.004065368
09/07/2019,12.630000114440918,-0.010632132
10/07/2019,12.541000366210938,-0.007071639
11/07/2019,12.505000114440918,-0.002874733
12/07/2019,12.456000328063965,-0.003926113
15/07/2019,12.430999755859375,-0.002009128
16/07/2019,12.496999740600586,0.005295261576794357
17/07/2019,12.508000373840332,0.0008798747369810054
18/07/2019,12.586000442504883,0.006216650779548711
19/07/2019,12.680000305175781,0.007440852813328821
22/07/2019,12.736000061035156,0.004406660817790266
23/07/2019,12.781000137329102,0.003527070000002174
24/07/2019,12.96500015258789,0.014293726865481485
25/07/2019,12.89799976348877,-0.005181189
26/07/2019,12.885000228881836,-0.00100838
29/07/2019,12.892999649047852,0.00062063934057506
30/07/2019,12.895999908447266,0.000232677456623506
31/07/2019,12.868000030517578,-0.002173567
01/08/2019,12.866000175476074,-0.000155425
02/08/2019,12.868000030517578,0.00015542512081450984
05/08/2019,12.904000282287598,0.002793750950517075
06/08/2019,12.883000373840332,-0.001628721
07/08/2019,12.892000198364258,0.0006983375123087394
08/08/2019,12.991000175476074,0.007649844181298988
09/08/2019,12.972999572753906,-0.001386582
12/08/2019,13.020000457763672,0.003616430283532388
13/08/2019,13.027999877929688,0.0006142061052215079
14/08/2019,13.022000312805176,-0.000460619
15/08/2019,13.017000198364258,-0.000384048
16/08/2019,13.022000312805176,0.0003840481127707585
19/08/2019,13.076000213623047,0.004138246363042088
20/08/2019,13.074999809265137,-7.65E-05
21/08/2019,13.076000213623047,7.650983576323323e-05
22/08/2019,13.112000465393066,0.0027493717362055024
23/08/2019,13.104000091552734,-0.000610343
26/08/2019,12.848999977111816,-0.019651549
27/08/2019,13.10200023651123,0.01949892284119759
28/08/2019,13.074000358581543,-0.002139356
29/08/2019,13.067999839782715,-0.000459071
30/08/2019,13.048999786376953,-0.001454995
02/09/2019,13.104999542236328,0.0042823157356365925
03/09/2019,13.090999603271484,-0.001068861
04/09/2019,13.10099983215332,0.0007636094672664899
05/09/2019,13.100000381469727,-7.63E-05
06/09/2019,13.137999534606934,0.0028964997199153555
09/09/2019,12.96500015258789,-0.013255328
10/09/2019,13.095000267028809,0.009977067591492663
11/09/2019,13.119000434875488,0.0018310958960802966
12/09/2019,13.11400032043457,-0.000381208
13/09/2019,13.09000015258789,-0.001831795
16/09/2019,13.16100025177002,0.005409338403555841
17/09/2019,13.16100025177002,0
18/09/2019,13.187000274658203,0.001973586671320539
19/09/2019,13.213000297546387,0.001969699297780741
20/09/2019,13.204999923706055,-0.000605676
23/09/2019,13.20300006866455,-0.000151458
24/09/2019,13.152999877929688,-0.003794221
25/09/2019,13.013999938964844,-0.010624164
26/09/2019,13.144000053405762,0.0099396884152645
27/09/2019,13.199000358581543,0.00417571151604824
30/09/2019,13.126999855041504,-0.00546993
01/10/2019,13.140999794006348,0.0010659312073595132
02/10/2019,12.949999809265137,-0.014641325
03/10/2019,13.020999908447266,0.00546765829844545
04/10/2019,13.111000061035156,0.006888145457096684
07/10/2019,13.109999656677246,-7.63E-05
08/10/2019,13.064000129699707,-0.003514906
09/10/2019,13.074000358581543,0.00076518702142175
10/10/2019,13.100000381469727,0.001986706709322274
11/10/2019,13.109999656677246,0.0007630122608231664
14/10/2019,13.109923362731934,-5.82E-06
15/10/2019,13.133328437805176,0.0017837028319959121
16/10/2019,13.173848152160645,0.0030805089447485784
17/10/2019,13.162362098693848,-0.000872263
18/10/2019,13.159972190856934,-0.000181588
21/10/2019,13.171295166015625,0.0008600403241641693
22/10/2019,13.183773040771484,0.000946905209297138
23/10/2019,13.188737869262695,0.0003765154229569297
24/10/2019,13.177873611450195,-0.000824092
25/10/2019,13.181127548217773,0.0002468937851169911
28/10/2019,13.183009147644043,0.00014273931675977292
29/10/2019,13.226632118225098,0.003303567043214617
30/10/2019,13.217219352722168,-0.000711906
31/10/2019,13.23167610168457,0.0010931836777105623
01/11/2019,13.258523941040039,0.0020270023257452884
04/11/2019,13.245097160339355,-0.001013204
05/11/2019,13.298466682434082,0.004021283225527846
06/11/2019,13.401074409484863,0.007686142008324043
07/11/2019,13.42955207824707,0.002122774096907191
08/11/2019,13.503024101257324,0.005456010207145741
11/11/2019,13.584269523620605,0.0059988027690979695
12/11/2019,13.72154426574707,0.010054701148187318
13/11/2019,13.802773475646973,0.005902376689968349
14/11/2019,13.984506607055664,0.013080497411986745
15/11/2019,13.958148956298828,-0.001886554
18/11/2019,13.830499649047852,-0.009187219
19/11/2019,13.90040111541748,0.005041424006694211
20/11/2019,13.953028678894043,0.0037788973560722357
21/11/2019,14.008745193481445,0.003985196975094769
22/11/2019,14.17205810546875,0.011590495738053236
25/11/2019,14.328108787536621,0.01095097036911224
26/11/2019,14.383950233459473,0.0038897604863416843
27/11/2019,14.550628662109375,0.011521181832693551
28/11/2019,14.63306713104248,0.005649640045103063
29/11/2019,14.57991886138916,-0.003638678
02/12/2019,14.580669403076172,5.1476443504648533e-05
03/12/2019,14.61821174621582,0.0025714933140988075
04/12/2019,14.569685935974121,-0.003325067
05/12/2019,14.598528861999512,0.001977696312663147
06/12/2019,14.876343727111816,0.018851521186896734
09/12/2019,15.18017864227295,0.020218258216391703
10/12/2019,15.379301071166992,0.01303197887362642
11/12/2019,15.429750442504883,0.00327497368145361
12/12/2019,14.583584785461426,-0.056400926
13/12/2019,14.399432182312012,-0.012707792
16/12/2019,14.476361274719238,0.005328288175161251
17/12/2019,14.45901870727539,-0.00119871
18/12/2019,14.512006759643555,0.0036580073090493386
19/12/2019,14.43074893951416,-0.005615086
20/12/2019,14.398555755615234,-0.002233366
23/12/2019,13.937015533447266,-0.032579618
24/12/2019,13.480804443359375,-0.033281508
25/12/2019,13.09945297241211,-0.028696309
26/12/2019,13.086512565612793,-0.000988347
27/12/2019,13.081379890441895,-0.000392288
30/12/2019,13.829559326171875,0.0556184448757757
31/12/2019,14.031462669372559,0.014493860113258171
01/01/2020,14.02784538269043,-0.000257831
02/01/2020,14.10250186920166,0.005307909008231697
03/01/2020,14.166909217834473,0.004556689198620074
06/01/2020,14.129654884338379,-0.002633136
07/01/2020,14.135878562927246,0.00044037227891402894
08/01/2020,14.117216110229492,-0.001321091
09/01/2020,14.106675148010254,-0.000746953
10/01/2020,13.90019416809082,-0.014745291
13/01/2020,13.896312713623047,-0.000279276
14/01/2020,14.130029678344727,0.016678764528004618
15/01/2020,14.309066772460938,0.012591079307151958
16/01/2020,14.400972366333008,0.006402353362371144
17/01/2020,14.476582527160645,0.005236616042401914
20/01/2020,14.629467010498047,0.010505437312495071
21/01/2020,14.505319595336914,-0.008522332
22/01/2020,14.554540634155273,0.003387565218807783
23/01/2020,14.552921295166016,-0.000111266
24/01/2020,14.452287673950195,-0.006939031
27/01/2020,14.432565689086914,-0.001365559
28/01/2020,14.501662254333496,0.004776121673639151
29/01/2020,14.540310859680176,0.0026615704112368456
30/01/2020,14.606932640075684,0.004571402878376866
31/01/2020,14.805755615234375,0.013519743716479213
03/02/2020,14.728063583374023,-0.005261237
04/02/2020,14.577885627746582,-0.010249064
05/02/2020,14.40928840637207,-0.011632671
06/02/2020,14.547879219055176,0.009572197992264718
07/02/2020,14.601792335510254,0.003699059032534531
10/02/2020,14.648771286010742,0.003212176797871905
11/02/2020,14.680445671081543,0.0021599211074226766
12/02/2020,14.577756881713867,-0.007019516
13/02/2020,14.629149436950684,0.0035192093073309638
14/02/2020,14.65123462677002,0.001508531715942372
17/02/2020,14.654485702514648,0.00022187311701859862
18/02/2020,14.64654541015625,-0.00054198
19/02/2020,14.650343894958496,0.0002593097706703462
20/02/2020,14.626591682434082,-0.001622589
21/02/2020,14.582925796508789,-0.002989842
24/02/2020,14.545488357543945,-0.002570511
25/02/2020,14.67888355255127,0.009129101001823655
26/02/2020,14.68432331085205,0.0003705152770484165
27/02/2020,14.720001220703125,0.0024267129361551995
28/02/2020,14.903911590576172,0.012416505126850929
02/03/2020,15.0225248336792,0.007927028967765419
03/03/2020,15.195423126220703,0.01144354206887364
04/03/2020,15.22074031829834,0.0016647200078731797
05/03/2020,15.312210083007812,0.005991562370824563
06/03/2020,15.146810531616211,-0.010860571
09/03/2020,15.199986457824707,0.0035045530934991074
10/03/2020,15.316447257995605,0.0076326982801108185
11/03/2020,15.488056182861328,0.011141922837407087
12/03/2020,15.775904655456543,0.018414596160253822
13/03/2020,15.738649368286133,-0.002364324
16/03/2020,15.896944046020508,0.010007461959115997
17/03/2020,16.05804443359375,0.010083042437424831
18/03/2020,16.366127014160156,0.019003838102868098
19/03/2020,16.526432037353516,0.009747267893935688
20/03/2020,16.805030822753906,0.016717254492791794
23/03/2020,16.90741539001465,0.006074010850021179
24/03/2020,17.22723960876465,0.018739523108618355
25/03/2020,17.497148513793945,0.015546096308166552
26/03/2020,17.569849014282227,0.004146383196258541
27/03/2020,17.806306838989258,0.013368402559507244
30/03/2020,17.639101028442383,-0.009434624
31/03/2020,17.862537384033203,0.01258754895819966
01/04/2020,18.06189727783203,0.011098960482770853
02/04/2020,18.18755340576172,0.00693288471210715
03/04/2020,18.620744705200195,0.023538784631186943
06/04/2020,18.560813903808594,-0.003223687
07/04/2020,18.87813949584961,0.016952033237124103
08/04/2020,18.90847396850586,0.0016055674955540715
09/04/2020,18.757808685302734,-0.008000051
10/04/2020,18.65460777282715,-0.005516948
13/04/2020,18.549243927001953,-0.005664152
14/04/2020,18.499116897583008,-0.002706034
15/04/2020,18.320880889892578,-0.009681554
16/04/2020,18.4321231842041,0.006053526062514401
17/04/2020,18.533222198486328,0.005469948423953522
20/04/2020,18.51227569580078,-0.001130853
21/04/2020,18.482437133789062,-0.001613126
22/04/2020,18.484987258911133,0.00013796606974981795
23/04/2020,18.229747772216797,-0.01390415
24/04/2020,18.472007751464844,0.013201738953510306
27/04/2020,18.56563949584961,0.005056041666082992
28/04/2020,18.633209228515625,0.0036328977534662277
29/04/2020,18.632665634155273,-2.92E-05
30/04/2020,18.62032699584961,-0.000662424
01/05/2020,18.630380630493164,0.0005397822231195021
04/05/2020,18.507333755493164,-0.006626543
05/05/2020,18.27536392211914,-0.012613154
06/05/2020,18.02361488342285,-0.013871083
07/05/2020,17.927581787109375,-0.005342427
08/05/2020,18.214160919189453,0.015858955156590963
11/05/2020,18.530319213867188,0.017208902992842504
12/05/2020,18.581279754638672,0.0027463420719277083
13/05/2020,18.250329971313477,-0.017971449
14/05/2020,17.958242416381836,-0.016133963
15/05/2020,18.241376876831055,0.015643271383464784
18/05/2020,18.423452377319336,0.00993197027841199
19/05/2020,18.432397842407227,0.0004854298685402344
20/05/2020,18.105300903320312,-0.017905106
21/05/2020,18.174442291259766,0.003811574479805764
22/05/2020,18.05864906311035,-0.006391595
25/05/2020,18.051494598388672,-0.000396258
26/05/2020,17.982620239257812,-0.003822735
27/05/2020,17.775333404541016,-0.011594017
28/05/2020,17.87212371826172,0.005430432316452853
29/05/2020,18.264623641967773,0.021723889846932635
01/06/2020,18.281570434570312,0.000927417710403129
02/06/2020,18.34331703186035,0.0033718413932601085
03/06/2020,18.057605743408203,-0.015698347
04/06/2020,17.78656578063965,-0.015123526
05/06/2020,18.05756378173828,0.01512120216313059
08/06/2020,18.199840545654297,0.007848189733299036
09/06/2020,18.27765464782715,0.004266423436888714
10/06/2020,18.23807716369629,-0.002167696
11/06/2020,18.121044158935547,-0.006437637
12/06/2020,18.234434127807617,0.006237867957829579
15/06/2020,18.29338264465332,0.003227598757793609
16/06/2020,18.081636428833008,-0.011642529
17/06/2020,17.975704193115234,-0.005875782
18/06/2020,17.975704193115234,0
19/06/2020,17.975704193115234,0
22/06/2020,17.975704193115234,0
23/06/2020,17.975704193115234,0
24/06/2020,17.975704193115234,0
25/06/2020,17.975704193115234,0
26/06/2020,17.975704193115234,0
29/06/2020,17.975704193115234,0
30/06/2020,17.975704193115234,0
01/07/2020,17.975704193115234,0
02/07/2020,17.975704193115234,0
03/07/2020,17.975704193115234,0
06/07/2020,17.975704193115234,0
07/07/2020,18.11579132080078,0.007762927481750274
08/07/2020,17.875017166137695,-0.013379958
09/07/2020,17.92874526977539,0.0030012568686718197
10/07/2020,18.029664993286133,0.0056131507343802275
13/07/2020,18.108985900878906,0.004389817163040079
14/07/2020,18.034685134887695,-0.004111418
15/07/2020,18.126937866210938,0.005102256137956029
16/07/2020,18.145952224731445,0.0010484061355177598
17/07/2020,18.177406311035156,0.0017318934940904985
20/07/2020,18.197044372558594,0.001079772371122616
21/07/2020,18.113025665283203,-0.004627854
22/07/2020,18.02997589111328,-0.004595629
23/07/2020,18.17477798461914,0.00799910785791544
24/07/2020,18.120952606201172,-0.002965937
27/07/2020,18.09037208557129,-0.001689004
28/07/2020,18.09058380126953,1.1703156705192718e-05
29/07/2020,18.180524826049805,0.004959385722104904
30/07/2020,18.238372802734375,0.0031768136380760656
31/07/2020,18.214656829833984,-0.00130118
03/08/2020,18.226709365844727,0.0006614755542088911
04/08/2020,18.20317840576172,-0.001291849
05/08/2020,18.220895767211914,0.0009728380610793536
06/08/2020,18.228538513183594,0.00041936157499133567
07/08/2020,18.324172973632812,0.0052326995603975135
10/08/2020,18.435556411743164,0.006060097876139514
11/08/2020,18.365503311157227,-0.003807129
12/08/2020,18.33673667907715,-0.001567569
13/08/2020,18.32571029663086,-0.000601508
14/08/2020,18.41544532775879,0.0048847243931230905
17/08/2020,18.492698669433594,0.004186255179940393
18/08/2020,18.582929611206055,0.004867408812757633
19/08/2020,18.614158630371094,0.0016791113486903648
20/08/2020,18.727895736694336,0.006091655103949687
21/08/2020,18.845319747924805,0.006250430899139545
24/08/2020,18.975082397460938,0.006862071864062945
25/08/2020,19.15293312072754,0.009329203776796639
26/08/2020,19.253582000732422,0.005241251912317026
27/08/2020,19.276548385620117,0.0011921261297235207
28/08/2020,19.33629035949707,0.0030944122985801428
31/08/2020,19.484373092651367,0.007629104617304583
01/09/2020,19.46694564819336,-0.000894832
02/09/2020,19.50857925415039,0.002136398260019805
03/09/2020,19.60515785217285,0.004938356773972467
04/09/2020,19.543598175048828,-0.003144914
07/09/2020,19.57426643371582,0.0015679927959840825
08/09/2020,19.602848052978516,0.0014590979814595843
09/09/2020,19.61054039001465,0.000392332182462934
10/09/2020,19.66148567199707,0.002594483436097466
11/09/2020,19.708797454833984,0.002403427247859046
14/09/2020,19.914085388183594,0.010362182431600761
15/09/2020,19.90001678466797,-0.000706715
16/09/2020,19.90349769592285,0.00017490471930325433
17/09/2020,19.82813262939453,-0.003793711
18/09/2020,19.877365112304688,0.0024798836907348283
21/09/2020,19.953899383544922,0.0038429292365062696
22/09/2020,19.9674072265625,0.0006767235183458806
23/09/2020,19.925987243652344,-0.002076534
24/09/2020,19.914077758789062,-0.000597865
25/09/2020,19.91533851623535,6.330785457688537e-05
28/09/2020,19.92415428161621,0.0004425641445528567
29/09/2020,19.925308227539062,5.791525659385788e-05
30/09/2020,19.995643615722656,0.003523736670289414
01/10/2020,20.01460838317871,0.0009479954726040284
02/10/2020,19.991832733154297,-0.001138599
05/10/2020,20.00666046142578,0.0007414143767155352
06/10/2020,20.02364730834961,0.0008486993425655473
07/10/2020,20.030221939086914,0.0003282894222147732
08/10/2020,20.017505645751953,-0.000635057
09/10/2020,20.058866500854492,0.002064102490920371
12/10/2020,20.084903717041016,0.0012971985290030474
13/10/2020,20.056127548217773,-0.001433754
14/10/2020,20.05470848083496,-7.08E-05
15/10/2020,20.07465171813965,0.0009939475161168817
16/10/2020,20.12445068359375,0.0024776170587607156
19/10/2020,20.115264892578125,-0.000456553
20/10/2020,20.15603256225586,0.002024652106118407
21/10/2020,20.156688690185547,3.255190467718237e-05
22/10/2020,20.2314510345459,0.0037021972421897
23/10/2020,20.203170776367188,-0.001398814
26/10/2020,20.220441818237305,0.0008545026934743211
27/10/2020,20.264583587646484,0.002180647607782555
28/10/2020,20.24593734741211,-0.000920563
29/10/2020,20.307661056518555,0.003044058194497526
30/10/2020,20.573436737060547,0.013002558118873143
02/11/2020,20.535451889038086,-0.001848012
03/11/2020,20.43416976928711,-0.004944265
04/11/2020,20.428321838378906,-0.000286225
05/11/2020,20.66779136657715,0.01165425243140008
06/11/2020,20.53506851196289,-0.006442432
09/11/2020,20.57402229309082,0.0018951425110036078
10/11/2020,20.797218322753906,0.01079001701631223
11/11/2020,20.79110336303711,-0.000294071
12/11/2020,20.84569549560547,0.002622303603941989
13/11/2020,20.835407257080078,-0.000493664
16/11/2020,20.87274932861328,0.001790636871433993
17/11/2020,20.829885482788086,-0.002055691
18/11/2020,20.887479782104492,0.0027611684267458718
19/11/2020,20.902311325073242,0.0007098165938872387
20/11/2020,20.903051376342773,3.540460944669068e-05
23/11/2020,20.94756317138672,0.0021271760192376737
24/11/2020,20.955821990966797,0.0003941838901566969
25/11/2020,20.95346450805664,-0.000112504
26/11/2020,20.956829071044922,0.00016056022080400151
27/11/2020,20.97039031982422,0.000646894759501633
30/11/2020,20.970050811767578,-1.62E-05
01/12/2020,20.96224594116211,-0.000372261
02/12/2020,20.983354568481445,0.0010064764287446605
03/12/2020,20.993698120117188,0.0004928193468855268
04/12/2020,20.993444442749023,-1.21E-05
07/12/2020,20.9919376373291,-7.18E-05
08/12/2020,21.000661849975586,0.00041551191774349185
09/12/2020,20.987010955810547,-0.000650233
10/12/2020,20.997692108154297,0.0005088116287455096
11/12/2020,21.015094757080078,0.0008284453957754385
14/12/2020,21.038516998291016,0.001113923045140215
15/12/2020,21.04357147216797,0.00024021972696566777
16/12/2020,21.02459144592285,-0.000902346
17/12/2020,21.04764175415039,0.0010957493235139357
18/12/2020,21.095611572265625,0.0022765133228184217
21/12/2020,21.096500396728516,4.2132257502367224e-05
22/12/2020,21.088661193847656,-0.000371657
23/12/2020,21.105682373046875,0.0008067991433746246
24/12/2020,21.108932495117188,0.00015398089438381065
25/12/2020,21.11562156677246,0.00031683326727024774
28/12/2020,21.12099266052246,0.0002543335386707971
29/12/2020,21.121980667114258,4.677732243478906e-05
30/12/2020,21.117477416992188,-0.000213225
31/12/2020,21.121559143066406,0.00019326795397534135
01/01/2021,21.12507438659668,0.00016641532092344586
04/01/2021,21.233861923217773,0.005136473447162903
05/01/2021,21.122304916381836,-0.005267581
06/01/2021,21.172016143798828,0.0023507293207511016
07/01/2021,21.126895904541016,-0.0021334
08/01/2021,21.154325485229492,0.00129748307333269
11/01/2021,21.22633934020996,0.003398432968736493
12/01/2021,21.188398361206055,-0.001789047
13/01/2021,21.189151763916016,3.555669017281243e-05
14/01/2021,21.208797454833984,0.0009267284237086812
15/01/2021,21.270986557006836,0.002927940809849732
18/01/2021,21.346412658691406,0.003539689508337423
19/01/2021,21.285865783691406,-0.002840426
20/01/2021,21.293310165405273,0.00034967242196599555
21/01/2021,21.303386688232422,0.0004731128824250678
22/01/2021,21.297088623046875,-0.000295681
25/01/2021,21.31157875061035,0.0006801493224371992
26/01/2021,21.31610107421875,0.00021217779827321722
27/01/2021,21.349523544311523,0.001566716869994089
28/01/2021,21.370363235473633,0.0009756436351346617
29/01/2021,21.37320327758789,0.0001328874658865004
01/02/2021,21.35991859436035,-0.000621751
02/02/2021,21.37137222290039,0.0005360768933153074
03/02/2021,21.383222579956055,0.0005543431022453571
04/02/2021,21.446880340576172,0.0029725731741792683
05/02/2021,21.419017791748047,-0.001299987
08/02/2021,21.458908081054688,0.0018606450756654652
09/02/2021,21.551979064941406,0.004327793976325127
10/02/2021,21.55196189880371,-7.96E-07
11/02/2021,21.562824249267578,0.0005038805321399222
12/02/2021,21.541208267211914,-0.001002968
15/02/2021,21.576990127563477,0.0016597107438395963
16/02/2021,21.57489776611328,-9.70E-05
17/02/2021,21.59343910217285,0.0008590248568675309
18/02/2021,21.600364685058594,0.0003206748347150308
19/02/2021,21.601093292236328,3.373067539456091e-05
22/02/2021,21.659481048583984,0.0026993535194995213
23/02/2021,21.69597053527832,0.0016832713754365443
24/02/2021,21.70215606689453,0.0002850598466979909
25/02/2021,21.669023513793945,-0.001527861
26/02/2021,21.70665168762207,0.0017349900879879906
01/03/2021,21.722898483276367,0.0007481908676586239
02/03/2021,21.80423927307129,0.003737479130191639
03/03/2021,21.87444305419922,0.003214558582856158
04/03/2021,21.875268936157227,3.7754852342281855e-05
05/03/2021,21.871511459350586,-0.000171783
08/03/2021,21.877613067626953,0.00027893624761176695
09/03/2021,21.892080307006836,0.000661061971940557
10/03/2021,21.90937042236328,0.0007894768765222796
11/03/2021,21.903812408447266,-0.000253714
12/03/2021,21.918237686157227,0.0006583570690942997
15/03/2021,21.84870147705078,-0.003177571
16/03/2021,21.913665771484375,0.0029689592331606216
17/03/2021,21.996585845947266,0.0037768024538449812
18/03/2021,21.989425659179688,-0.000325567
19/03/2021,21.990020751953125,2.7062313059205742e-05
22/03/2021,22.023731231689453,0.001531816071510967
23/03/2021,22.00929069519043,-0.000655896
24/03/2021,22.00663185119629,-0.000120813
25/03/2021,22.015888214111328,0.0004205285402887497
26/03/2021,21.988922119140625,-0.001225598
29/03/2021,22.02471160888672,0.0016262914284842138
30/03/2021,22.043176651000977,0.0008380271405796987
31/03/2021,22.031518936157227,-0.000528998
01/04/2021,22.032676696777344,5.254881446289098e-05
02/04/2021,22.04783058166504,0.0006875549498081664
05/04/2021,21.976388931274414,-0.003245564
06/04/2021,22.021465301513672,0.002049026562608833
07/04/2021,22.066736221313477,0.0020536530929786186
08/04/2021,22.0880126953125,0.0009637230951501858
09/04/2021,22.092138290405273,0.00018676238141874594
12/04/2021,22.09128761291504,-3.85E-05
13/04/2021,22.13515281677246,0.0019836648762642994
14/04/2021,22.132633209228516,-0.000113835
15/04/2021,22.14448356628418,0.0005352813462854654
16/04/2021,22.140798568725586,-0.000166421
19/04/2021,22.16980743408203,0.0013093420342277099
20/04/2021,22.1507568359375,-0.000859673
21/04/2021,22.150312423706055,-2.01E-05
22/04/2021,22.198463439941406,0.0021714707663577026
23/04/2021,22.20430564880371,0.0002631461512834238
26/04/2021,22.145463943481445,-0.002653531
27/04/2021,22.221662521362305,0.0034349149414124405
28/04/2021,22.232818603515625,0.000501910363375061
29/04/2021,22.23569107055664,0.0001291910642413756
30/04/2021,22.248722076416016,0.0005858684114390712
03/05/2021,22.41240692138672,0.0073301137499115435
04/05/2021,22.308107376098633,-0.004664514
05/05/2021,22.30262565612793,-0.000245758
06/05/2021,22.31523323059082,0.0005651358049452354
07/05/2021,22.31671142578125,6.623933607867607e-05
10/05/2021,22.161346435546875,-0.006986169
11/05/2021,22.340654373168945,0.008058464999336908
12/05/2021,22.3624324798584,0.0009743447240666935
13/05/2021,22.335765838623047,-0.001193187
14/05/2021,22.34278106689453,0.00031403117670642574
17/05/2021,22.40622329711914,0.0028354719230979765
18/05/2021,22.41543197631836,0.00041090313477299415
19/05/2021,22.418027877807617,0.00011580197025184226
20/05/2021,22.432796478271484,0.0006585654203539155
21/05/2021,22.419076919555664,-0.000611772
24/05/2021,22.438364028930664,0.0008599291513610857
25/05/2021,22.44478988647461,0.0002863371678362412
26/05/2021,22.439895629882812,-0.000218081
27/05/2021,22.463762283325195,0.0010630161015373382
28/05/2021,22.44811248779297,-0.000696911
31/05/2021,22.446165084838867,-8.68E-05
01/06/2021,22.466127395629883,0.0008889464778160713
02/06/2021,22.497053146362305,0.0013756035599053612
03/06/2021,22.51491928100586,0.0007938392662363889
04/06/2021,22.505474090576172,-0.000419596
07/06/2021,22.51422119140625,0.0003885899664738883
08/06/2021,22.501911163330078,-0.000546916
09/06/2021,22.50004005432129,-8.32E-05
10/06/2021,22.513347625732422,0.0005912717297980351
11/06/2021,22.51503562927246,7.497508987923488e-05
14/06/2021,22.545320510864258,0.0013441920457814003
15/06/2021,22.53917694091797,-0.000272536
16/06/2021,22.532283782958984,-0.000305877
17/06/2021,22.534055709838867,7.863637920185314e-05
18/06/2021,22.53611946105957,9.157946310693145e-05
21/06/2021,22.54193687438965,0.00025810400160487096
22/06/2021,22.544343948364258,0.00010677633785571142
23/06/2021,22.540302276611328,-0.000179293
24/06/2021,22.54007911682129,-9.90E-06
25/06/2021,22.5407772064209,3.097055631147358e-05
28/06/2021,22.563125610351562,0.0009909743664688808
29/06/2021,22.62208366394043,0.0026096188551525817
30/06/2021,22.61705207824707,-0.000222444
01/07/2021,22.62005043029785,0.0001325616314443235
02/07/2021,22.614023208618164,-0.00026649
05/07/2021,22.543193817138672,-0.003137016
06/07/2021,22.61333656311035,0.0031066515427549788
07/07/2021,22.614713668823242,6.0896090203128625e-05
08/07/2021,22.611825942993164,-0.0001277
09/07/2021,22.609731674194336,-9.26E-05
12/07/2021,22.584659576416016,-0.001109523
13/07/2021,22.618452072143555,0.001495140524190871
14/07/2021,22.63705825805664,0.0008222727718981541
15/07/2021,22.619606018066406,-0.000771256
16/07/2021,22.622663497924805,0.00013516032222803348
19/07/2021,22.595930099487305,-0.001182407
20/07/2021,22.443744659423828,-0.006757865
21/07/2021,22.260013580322266,-0.008219985
22/07/2021,22.27928352355957,0.0008653007879634384
23/07/2021,22.090911865234375,-0.008490961
26/07/2021,20.948747634887695,-0.05308743
27/07/2021,19.934524536132812,-0.049625736
28/07/2021,18.98480987548828,-0.048813951
29/07/2021,19.133167266845703,0.00778415601237304
30/07/2021,19.235933303833008,0.005356720965222636
02/08/2021,19.19173812866211,-0.002300176
03/08/2021,19.182111740112305,-0.000501716
04/08/2021,19.167978286743164,-0.000737075
05/08/2021,19.185548782348633,0.0009162389056427121
06/08/2021,19.20627784729004,0.001079868752052459
09/08/2021,19.296171188354492,0.004669495403722288
10/08/2021,19.22856330871582,-0.003509846
11/08/2021,19.234535217285156,0.0003105266526193747
12/08/2021,19.265911102294922,0.0016298975702948324
13/08/2021,19.257732391357422,-0.000424607
16/08/2021,19.259199142456055,7.616136804955797e-05
17/08/2021,18.957433700561523,-0.01579269
18/08/2021,19.10393524169922,0.007698213107521549
19/08/2021,18.932161331176758,-0.009032214
20/08/2021,17.676166534423828,-0.068644925
23/08/2021,17.1580753326416,-0.029748281
24/08/2021,16.884563446044922,-0.016069129
25/08/2021,16.700950622558594,-0.010934158
26/08/2021,16.436025619506836,-0.015990032
27/08/2021,16.382226943969727,-0.003278586
30/08/2021,15.931427001953125,-0.027903325
31/08/2021,15.813018798828125,-0.007460124
01/09/2021,15.869913101196289,0.003591483496738649
02/09/2021,16.008291244506836,0.008681731942447934
03/09/2021,16.03714370727539,0.0018007226681983459
06/09/2021,16.060087203979492,0.0014296249215547843
07/09/2021,16.0637149810791,0.00022586224968849204
08/09/2021,16.080768585205078,0.0010610595557269404
09/09/2021,16.13576316833496,0.00341406312559447
10/09/2021,16.151456832885742,0.0009721286494228717
13/09/2021,16.19023895263672,0.0023982748831001027
14/09/2021,16.231685638427734,0.002556708701968206
15/09/2021,16.28460121154785,0.003254714788082479
16/09/2021,16.30050277709961,0.0009760022137471964
17/09/2021,16.319257736206055,0.001149914093663416
20/09/2021,16.341896057128906,0.0013862538164715978
21/09/2021,16.384323120117188,0.0025928498814846664
22/09/2021,16.406463623046875,0.0013504101909928344
23/09/2021,16.45891571044922,0.0031919383253704667
24/09/2021,16.510656356811523,0.003138693382686803
27/09/2021,16.554861068725586,0.0026737666119193227
28/09/2021,16.63473129272461,0.004812977352074353
29/09/2021,16.65194320678711,0.001034162520305484
30/09/2021,16.694374084472656,0.002544862763382393
01/10/2021,16.696727752685547,0.00014097577422079687
04/10/2021,16.70319175720215,0.00038706707633787173
05/10/2021,16.831262588500977,0.0076382011550409044
06/10/2021,16.951448440551758,0.0071152583935674306
07/10/2021,16.96468734741211,0.0007806848996895441
08/10/2021,17.007482528686523,0.002519427170381365
11/10/2021,17.072423934936523,0.0038111304632786314
12/10/2021,17.023496627807617,-0.002869982
13/10/2021,16.930681228637695,-0.005467111
14/10/2021,16.833332061767578,-0.005766461
15/10/2021,16.853368759155273,0.0011895911004809214
18/10/2021,17.145084381103516,0.017160944343486084
19/10/2021,16.901023864746094,-0.014337304
20/10/2021,16.982885360717773,0.004831889655726887
21/10/2021,17.04102897644043,0.0034178120569294196
22/10/2021,17.030412673950195,-0.000623179
25/10/2021,17.04439926147461,0.0008209341455160921
26/10/2021,17.072019577026367,0.0016191805896720742
27/10/2021,17.106094360351562,0.00199395406530168
28/10/2021,17.178730010986328,0.004237195939639381
29/10/2021,17.20505714416504,0.001531369316874506
01/11/2021,17.226030349731445,0.0012182716078389352
02/11/2021,17.25750160217285,0.001825292213280827
03/11/2021,17.27409553527832,0.000961086990371159
04/11/2021,17.28325843811035,0.0005303011945776065
05/11/2021,17.331636428833008,0.002795214164746958
08/11/2021,17.398635864257812,0.003858277756873691
09/11/2021,17.390567779541016,-0.000463827
10/11/2021,17.418170928955078,0.0015859899682789714
11/11/2021,17.42963409423828,0.0006578988655980207
12/11/2021,17.41823959350586,-0.000653957
15/11/2021,17.44089126586914,0.0012996121815466958
16/11/2021,17.454736709594727,0.0007935346205464915
17/11/2021,17.50229835510254,0.002721150393214617
18/11/2021,17.555774688720703,0.00305073099861953
19/11/2021,17.57094955444336,0.0008640069345277202
22/11/2021,17.570308685302734,-3.65E-05
23/11/2021,17.558725357055664,-0.000659473
24/11/2021,17.60065460205078,0.0023850969454379126
25/11/2021,17.669029235839844,0.0038772516226735425
26/11/2021,17.696043014526367,0.0015277098120557936
29/11/2021,17.731794357299805,0.002018263465193782
30/11/2021,17.742647171020508,0.0006118666618405419
01/12/2021,17.771520614624023,0.001626024303284472
02/12/2021,17.77483367919922,0.00018640812261097212
03/12/2021,17.78746223449707,0.0007102216268226199
06/12/2021,17.780733108520508,-0.000378379
07/12/2021,17.57723617553711,-0.011510796
08/12/2021,17.408357620239258,-0.009654252
09/12/2021,17.266185760498047,-0.008200405
10/12/2021,16.0096492767334,-0.075558388
13/12/2021,15.963677406311035,-0.002875641
14/12/2021,16.13131332397461,0.010446330614032162
15/12/2021,16.237455368041992,0.0065583232727821185
16/12/2021,16.305356979370117,0.004173069564034377
17/12/2021,16.345640182495117,0.0024675034189143874
20/12/2021,16.50987434387207,0.009997440713365467
21/12/2021,16.43006706237793,-0.004845633
22/12/2021,16.428239822387695,-0.000111219
23/12/2021,16.49066925048828,0.003792926600718245
24/12/2021,16.51412582397461,0.0014214042161263963
27/12/2021,16.481088638305664,-0.002002545
28/12/2021,16.54477882385254,0.003856992678633797
29/12/2021,16.566862106323242,0.001333868399424638
30/12/2021,16.600114822387695,0.002005170822626041
31/12/2021,16.616857528686523,0.0010080815036206034
03/01/2022,16.619247436523438,0.00014381395434491986
04/01/2022,16.630136489868164,0.000654992811784563
05/01/2022,16.67411231994629,0.0026408555789364306
06/01/2022,16.726245880126953,0.003121739126644947
07/01/2022,16.73185920715332,0.0003355436337109053
10/01/2022,16.728227615356445,-0.00021707
11/01/2022,16.86640167236328,0.008226007495236982
12/01/2022,16.863157272338867,-0.000192377
13/01/2022,16.92765235900879,0.0038173198980255107
14/01/2022,17.088335037231445,0.009447550148088757
17/01/2022,17.076610565185547,-0.000686345
18/01/2022,17.19476890563965,0.006895480162015053
19/01/2022,17.209264755249023,0.0008426831929109499
20/01/2022,17.257667541503906,0.002808652516971379
21/01/2022,17.38444709777832,0.007319421669298085
24/01/2022,17.435319900512695,0.002922066591362914
25/01/2022,17.504701614379883,0.00397148038572817
26/01/2022,17.604045867919922,0.005659245960400732
27/01/2022,17.65093994140625,0.0026602819468495645
28/01/2022,17.821697235107422,0.009627624347386425
31/01/2022,17.954328536987305,0.0074145692062406905
01/02/2022,18.058734893798828,0.005798265372386128
02/02/2022,18.05820083618164,-2.96E-05
03/02/2022,18.131399154663086,0.004045273687440721
04/02/2022,18.23802375793457,0.005863436931957062
07/02/2022,18.32224464416504,0.0046072438135149815
08/02/2022,18.362871170043945,0.0022148787913376104
09/02/2022,18.48137855529785,0.006432905802805341
10/02/2022,18.481422424316406,2.373684752864522e-06
11/02/2022,18.64011573791504,0.008549984089568011
14/02/2022,18.791114807128906,0.008068123121595102
15/02/2022,18.74354362487793,-0.002534788
16/02/2022,18.203201293945312,-0.029251879
17/02/2022,17.885175704956055,-0.017625277
18/02/2022,17.44599723815918,-0.024861959
21/02/2022,17.38197135925293,-0.003676697
22/02/2022,17.480052947998047,0.005626858995053229
23/02/2022,17.587778091430664,0.006143834910523706
24/02/2022,17.604150772094727,0.000930479366950047
25/02/2022,17.66417121887207,0.003403649583135748
28/02/2022,17.550142288208008,-0.006476306
01/03/2022,17.707555770874023,0.008929370733749635
02/03/2022,17.75482749938965,0.0026660225374420506
03/03/2022,17.78514289855957,0.0017059894075863583
04/03/2022,17.938541412353516,0.008588109518117717
07/03/2022,18.02556037902832,0.004839222010744505
08/03/2022,18.005294799804688,-0.001124901
09/03/2022,17.99077796936035,-0.000806579
10/03/2022,18.083585739135742,0.005145370007415511
11/03/2022,18.14811134338379,0.0035618355010534216
14/03/2022,18.172100067138672,0.0013209574675631874
15/03/2022,18.19485855102539,0.0012516024282712512
16/03/2022,17.667036056518555,-0.029438523
17/03/2022,17.69783592224121,0.001741834299773576
18/03/2022,17.71551513671875,0.0009984491959998494
21/03/2022,17.66743278503418,-0.002717828
22/03/2022,17.656274795532227,-0.000631756
23/03/2022,17.584630966186523,-0.004065953
24/03/2022,17.724811553955078,0.00794016071905082
25/03/2022,17.768043518066406,0.002436095118514574
28/03/2022,17.833955764770508,0.0037027314947344395
29/03/2022,17.851285934448242,0.0009712794541912763
30/03/2022,17.944990158081055,0.005235429373959591
31/03/2022,17.92963409423828,-0.000856096
01/04/2022,17.988489151000977,0.0032771817745446082
04/04/2022,17.912321090698242,-0.004243257
05/04/2022,17.52455711364746,-0.021885644
06/04/2022,17.526351928710938,0.00010241189824065515
07/04/2022,17.516698837280273,-0.000550928
08/04/2022,17.503154754638672,-0.000773509
11/04/2022,17.486398696899414,-0.000957775
12/04/2022,17.47039794921875,-0.000915459
13/04/2022,17.380876541137695,-0.00513735
14/04/2022,17.359956741333008,-0.001204335
15/04/2022,17.359296798706055,-3.80E-05
18/04/2022,17.507596969604492,0.008506697853909678
19/04/2022,17.522510528564453,0.000851470973177724
20/04/2022,17.3861141204834,-0.007814522
21/04/2022,17.36040687561035,-0.001479702
22/04/2022,17.500715255737305,0.008049605357950494
25/04/2022,16.82414436340332,-0.039426733
26/04/2022,16.87843894958496,0.003221986436329841
27/04/2022,16.970184326171875,0.0054209354698209825
28/04/2022,16.991539001464844,0.0012575732922212666
29/04/2022,16.971370697021484,-0.001187667
02/05/2022,16.97744369506836,0.00035777379684095534
03/05/2022,16.990562438964844,0.0007724176978166767
04/05/2022,16.848379135131836,-0.008403581
05/05/2022,16.92275619506836,0.0044047781909020605
06/05/2022,16.977283477783203,0.0032169478422539185
09/05/2022,16.951114654541016,-0.001542591
10/05/2022,16.9925537109375,0.0024416381009390365
11/05/2022,17.012704849243164,0.0011851779117497264
12/05/2022,16.992319107055664,-0.001198984
13/05/2022,17.01729965209961,0.0014690284953369933
16/05/2022,16.889741897583008,-0.007524004
17/05/2022,16.98207664489746,0.005452023540809892
18/05/2022,16.941055297851562,-0.002418489
19/05/2022,16.97943878173828,0.002263145116898877
20/05/2022,16.987579345703125,0.0004793216814121084
23/05/2022,17.002145767211914,0.0008571073965528515
24/05/2022,17.0798397064209,0.004559245754773872
25/05/2022,17.113426208496094,0.001964510378182135
26/05/2022,17.130090713500977,0.0009732940899948382
27/05/2022,17.1618709564209,0.0018535102963337514
30/05/2022,17.167009353637695,0.00029936293923715687
31/05/2022,17.17152214050293,0.0002628409949321542
01/06/2022,17.201217651367188,0.0017278528526968248
02/06/2022,17.2253360748291,0.0014011525870155138
03/06/2022,17.12247085571289,-0.005989642
06/06/2022,16.986576080322266,-0.007968296
07/06/2022,16.854066848754883,-0.007831406
08/06/2022,16.779666900634766,-0.004424134
09/06/2022,16.82230567932129,0.0025378749102154324
10/06/2022,16.90289878845215,0.004779408387089024
13/06/2022,16.998764038085938,0.005655504607125397
14/06/2022,16.835586547851562,-0.009645745
15/06/2022,16.84910011291504,0.0008023566271846344
16/06/2022,16.872634887695312,0.0013958225222370725
17/06/2022,16.88510513305664,0.0007388081027277943
20/06/2022,16.96180534362793,0.004532191611056253
21/06/2022,16.914491653442383,-0.002793323
22/06/2022,16.93744468688965,0.001356084138525473
23/06/2022,16.985130310058594,0.0028114407342574132
24/06/2022,16.98372459411621,-8.28E-05
27/06/2022,17.005102157592773,0.0012579172827374974
28/06/2022,17.031902313232422,0.0015747661461259833
29/06/2022,17.055641174316406,0.0013928175804349642
30/06/2022,17.06767463684082,0.0007052927148014094
01/07/2022,16.843238830566406,-0.013236982
04/07/2022,16.622819900512695,-0.013172876
05/07/2022,16.524734497070312,-0.005918125
06/07/2022,16.524702072143555,-1.96E-06
07/07/2022,16.254182815551758,-0.016506077
08/07/2022,16.27378273010254,0.001205111761160917
11/07/2022,16.201570510864258,-0.004447209
12/07/2022,16.304779052734375,0.006350075604670154
13/07/2022,16.314477920532227,0.000594671306683649
14/07/2022,16.325389862060547,0.0006686266015248177
15/07/2022,16.36145782470703,0.002206880126873047
18/07/2022,16.348983764648438,-0.000762696
19/07/2022,16.374296188354492,0.0015470593895817175
20/07/2022,16.378677368164062,0.0002675286766339503
21/07/2022,16.383922576904297,0.00032019490479030116
22/07/2022,16.419307708740234,0.00215741835500234
25/07/2022,16.357219696044922,-0.00378857
26/07/2022,16.27153968811035,-0.005251821
27/07/2022,16.74930763244629,0.028939371721451716
28/07/2022,16.781536102294922,0.001922318449729306
29/07/2022,16.279951095581055,-0.030344884
01/08/2022,16.313087463378906,0.002033340902211263
02/08/2022,16.357276916503906,0.002705172159037704
03/08/2022,15.914172172546387,-0.027462826
04/08/2022,15.97485065460205,0.0038056076924433213
05/08/2022,16.007112503051758,0.0020175033804946665
08/08/2022,16.146610260009766,0.008676981711708968
09/08/2022,15.939228057861328,-0.012926892
10/08/2022,16.033578872680664,0.005901958429978539
11/08/2022,15.984466552734375,-0.003067792
12/08/2022,16.0478572845459,0.003957927928417407
15/08/2022,16.058483123779297,0.0006619153404730166
16/08/2022,16.06352424621582,0.0003138734400900484
17/08/2022,16.060527801513672,-0.000186555
18/08/2022,16.077817916870117,0.0010759805234571438
19/08/2022,16.074283599853516,-0.00021985
22/08/2022,16.100778579711914,0.0016469267844276896
23/08/2022,16.079694747924805,-0.00131035
24/08/2022,16.118629455566406,0.0024184318644877778
25/08/2022,16.08180046081543,-0.002287486
26/08/2022,16.077831268310547,-0.000246843
29/08/2022,16.181224822998047,0.006410225298587999
30/08/2022,16.0075740814209,-0.010789618
31/08/2022,15.90711784362793,-0.006295318
01/09/2022,15.759993553161621,-0.009291997
02/09/2022,15.256157875061035,-0.032491459
05/09/2022,15.308542251586914,0.0034277730584773777
06/09/2022,15.324695587158203,0.0010546281234469572
07/09/2022,15.33988094329834,0.000990416897905789
08/09/2022,15.38008975982666,0.002617765484118481
09/09/2022,15.420838356018066,0.002645934551806574
12/09/2022,15.330904006958008,-0.005849074
13/09/2022,15.453927040100098,0.007992487458805323
14/09/2022,15.46954345703125,0.001010004246459914
15/09/2022,15.500864028930664,0.002022613528170468
16/09/2022,15.517041206359863,0.0010430864865473117
19/09/2022,15.1930513381958,-0.021100678
20/09/2022,15.589086532592773,0.025732913665339602
21/09/2022,15.745828628540039,0.010004393021080235
22/09/2022,15.63646125793457,-0.006970034
23/09/2022,15.609062194824219,-0.001753792
26/09/2022,16.049331665039062,0.027815552384221356
27/09/2022,15.665290832519531,-0.024219718
28/09/2022,15.67601490020752,0.000684340863011184
29/09/2022,15.726744651794434,0.003230913234406149
30/09/2022,15.72753906,5.0512083692720194e-05
03/10/2022,15.732199668884277,0.0002962902176758816
04/10/2022,15.66936206817627,-0.004002201
05/10/2022,15.731010437011719,0.003926606159486444
06/10/2022,15.78136157989502,0.00319564555189511
07/10/2022,15.770180702209473,-0.000708737
10/10/2022,15.869336128234863,0.006267842279237446
11/10/2022,15.775277137756348,-0.005944725
12/10/2022,15.781936645507812,0.0004220593044784409
13/10/2022,15.826162338256836,0.002798379088372906
14/10/2022,15.857691764831543,0.001990252630234676
17/10/2022,15.860279083251953,0.0001631452679328133
18/10/2022,15.890512466430664,0.0019044181792420005
19/10/2022,15.879748344421387,-0.000677623
20/10/2022,15.901101112365723,0.001343750813606714
21/10/2022,15.904886245727539,0.00023801388946486916
24/10/2022,15.755024909973145,-0.009467017
25/10/2022,15.886887550354004,0.008334730329284638
26/10/2022,16.028099060058594,0.008849286571757124
27/10/2022,16.016233444213867,-0.000740575
28/10/2022,16.07659149169922,0.0037614712180278342
31/10/2022,16.10134506225586,0.0015385433679388288
01/11/2022,16.26590347290039,0.010168292700472219
02/11/2022,16.116737365722656,-0.009212786
03/11/2022,16.16177749633789,0.0027907207031804527
04/11/2022,16.139738082885742,-0.001364606
07/11/2022,16.022981643676758,-0.00726039
08/11/2022,16.21565818786621,0.011953285829856228
09/11/2022,16.252750396728516,0.002284819405423339
10/11/2022,16.252822875976562,4.459496680185059e-06
11/11/2022,16.293136596679688,0.002477342316784897
14/11/2022,16.212003707885742,-0.004992014
15/11/2022,16.39471435546875,0.011207050005126628
16/11/2022,16.44658088684082,0.003158619299972366
17/11/2022,16.50956153869629,0.00382209347882827
18/11/2022,16.572311401367188,0.003793614590081733
21/11/2022,16.603899002075195,0.0019042325732126007
22/11/2022,16.6092529296875,0.00032239804699531644
23/11/2022,16.70918846130371,0.005998829905214238
24/11/2022,16.754310607910156,0.0026967995104079942
25/11/2022,16.847898483276367,0.005570355038612759
28/11/2022,16.87067985534668,0.0013512654838492308
29/11/2022,16.936859130859375,0.003915065220879435
30/11/2022,16.947853088378906,0.0006489037200123337
01/12/2022,17.05648422241211,0.006389273379597034
02/12/2022,17.083831787109375,0.0016020689755118205
05/12/2022,17.127592086791992,0.0025582287197285706
06/12/2022,17.142749786376953,0.0008845958192934471
07/12/2022,17.228958129882812,0.005016249089848314
08/12/2022,17.238933563232422,0.0005788247054352811
09/12/2022,17.28533935546875,0.002688301085636039
12/12/2022,17.35969352722168,0.004292348987787703
13/12/2022,17.382247924804688,0.00129839610620097
14/12/2022,17.454496383666992,0.0041478366523600005
15/12/2022,17.50645637512207,0.002972460737633486
16/12/2022,17.545623779296875,0.0022348129014707133
19/12/2022,17.702533721923828,0.008903215954205628
20/12/2022,17.679367065429688,-0.00130952
21/12/2022,17.772377014160156,0.005247141687654767
22/12/2022,17.783958435058594,0.0006514406595444058
23/12/2022,17.782915115356445,-5.87E-05
26/12/2022,17.858240127563477,0.004226862111638702
27/12/2022,17.853195190429688,-0.000282539
28/12/2022,17.924875259399414,0.004006932960525867
29/12/2022,17.95054817199707,0.0014312258657591809
30/12/2022,18.032184600830078,0.004537541348956427
02/01/2023,18.06434440612793,0.0017818784626545665
03/01/2023,18.02996253967285,-0.001905114
04/01/2023,18.062211990356445,0.001787061028388829
05/01/2023,18.137998580932617,0.004187086213167108
06/01/2023,18.16703224182129,0.0015994294135073474
09/01/2023,18.203094482421875,0.0019830699349552812
10/01/2023,18.24401092529297,0.002245251555766945
11/01/2023,18.253032684326172,0.0004943830143315511
12/01/2023,18.28813934326172,0.0019214856989537266
13/01/2023,18.27818489074707,-0.00054446
16/01/2023,18.267133712768555,-0.000604793
17/01/2023,18.379453659057617,0.006129918557462448
18/01/2023,18.449811935424805,0.0038207854989596914
19/01/2023,18.416791915893555,-0.001791325
20/01/2023,18.65376091003418,0.012784930564571063
23/01/2023,18.500486373901367,-0.008250761
24/01/2023,18.621397018432617,0.0065142746574106515
25/01/2023,18.7193660736084,0.005247310009510771
26/01/2023,18.7757511138916,0.0030075960293408704
27/01/2023,18.850690841674805,0.0039833597320574465
30/01/2023,18.88334083557129,0.001730533451816418
31/01/2023,18.973878860473633,0.004783140349090957
01/02/2023,18.978424072265625,0.00023952231946389042
02/02/2023,19.05767822265625,0.004167317906214235
03/02/2023,19.053787231445312,-0.00020419
06/02/2023,19.236459732055664,0.009541536082105298
07/02/2023,19.071958541870117,-0.008588306
08/02/2023,19.123348236083984,0.0026908921308886106
09/02/2023,19.169654846191406,0.0024185427598815003
10/02/2023,19.182254791259766,0.0006570700463573343
13/02/2023,19.201120376586914,0.0009830082301939742
14/02/2023,19.230321884155273,0.0015196678277148872
15/02/2023,19.293821334838867,0.0032966084582325057
16/02/2023,19.32306480407715,0.0015145433903226942
17/02/2023,19.35771942138672,0.0017918264727797744
20/02/2023,19.268665313720703,-0.004611059
21/02/2023,19.452526092529297,0.00949672021757527
22/02/2023,19.493200302124023,0.0020887644498298634
23/02/2023,19.54373550415039,0.0025890982072508326
24/02/2023,19.62362289428711,0.004079289703697846
27/02/2023,19.66642951965332,0.002179006627561791
28/02/2023,19.72761344909668,0.0031062553639371686
01/03/2023,19.74885368347168,0.0010760961133287538
02/03/2023,19.876670837402344,0.006451275978161971
03/03/2023,19.93147087097168,0.0027532090589342455
06/03/2023,19.93328094482422,9.081074238958018e-05
07/03/2023,20.07612419128418,0.0071405137317985925
08/03/2023,20.07392692565918,-0.000109453
09/03/2023,20.123912811279297,0.002486994908750704
10/03/2023,20.135517120361328,0.0005764765881237694
13/03/2023,20.05450439453125,-0.00403149
14/03/2023,20.28765106201172,0.011558592274322512
15/03/2023,20.249942779541016,-0.001860411
16/03/2023,20.491411209106445,0.01185386509751445
17/03/2023,20.48091697692871,-0.00051226
20/03/2023,20.192012786865234,-0.014206454
21/03/2023,20.57735824584961,0.01890423742479985
22/03/2023,20.728267669677734,0.0073069995639592
23/03/2023,20.85490608215332,0.006090867654346784
24/03/2023,21.068632125854492,0.010196080980507404
27/03/2023,21.15113067626953,0.0039080586881155835
28/03/2023,21.24523162841797,0.004439112299274614
29/03/2023,21.197288513183594,-0.002259203
30/03/2023,21.223560333251953,0.0012386278983861011
31/03/2023,21.382930755615234,0.007481074435985365
03/04/2023,21.133031845092773,-0.011755669
04/04/2023,20.63871955871582,-0.023668405
05/04/2023,20.35528564453125,-0.013828287
06/04/2023,19.895944595336914,-0.022824693
07/04/2023,19.76203727722168,-0.006753134
10/04/2023,19.61809539794922,-0.007310413
11/04/2023,19.777973175048828,0.008116477637570209
12/04/2023,19.28850746154785,-0.025059402
13/04/2023,18.679603576660156,-0.032077239
14/04/2023,18.511676788330078,-0.0090305
17/04/2023,18.104372024536133,-0.022248253
18/04/2023,17.59760284423828,-0.028390767
19/04/2023,17.660940170288086,0.0035927402985654316
20/04/2023,17.334503173828125,-0.018656513
21/04/2023,17.278291702270508,-0.00324802
24/04/2023,17.420196533203125,0.008179354737875785
25/04/2023,17.415502548217773,-0.000269493
26/04/2023,17.57677459716797,0.009217644804966538
27/04/2023,17.630672454833984,0.0030617329163654234
28/04/2023,17.718366622924805,0.004961625565008494
01/05/2023,17.496068954467773,-0.012625539
02/05/2023,17.69406509399414,0.01125305340545331
03/05/2023,17.703777313232422,0.0005487464106011375
04/05/2023,17.774394989013672,0.003980913584843372
05/05/2023,17.948150634765625,0.009728142998866356
08/05/2023,17.952205657958984,0.00022590434354124992
09/05/2023,18.0289363861084,0.004265058867283871
10/05/2023,18.162519454956055,0.007382055923092103
11/05/2023,18.191783905029297,0.0016099583097218802
12/05/2023,18.222335815429688,0.0016780258758887345
15/05/2023,18.22203826904297,-1.63E-05
16/05/2023,18.659225463867188,0.02370893128090357
17/05/2023,18.654085159301758,-0.000275521
18/05/2023,18.5245361328125,-0.006969035
19/05/2023,18.608522415161133,0.00452353933913323
22/05/2023,18.803529739379883,0.010424934163685732
23/05/2023,18.837451934814453,0.0018024080727597634
24/05/2023,19.071203231811523,0.012332500774622977
25/05/2023,19.103174209594727,0.0016749970739998107
26/05/2023,19.30066680908203,0.010285134778640665
29/05/2023,19.26505470275879,-0.001846827
30/05/2023,19.299636840820312,0.001793461632742964
31/05/2023,19.326107025146484,0.001370598249799384
01/06/2023,19.445173263549805,0.00614200056447759
02/06/2023,19.4704647064209,0.0012998089072286606
05/06/2023,19.7380313873291,0.013648615029096204
06/06/2023,19.76839256286621,0.001537025044463928
07/06/2023,19.96828842163086,0.010061109283886897
08/06/2023,19.94523811340332,-0.001155012
09/06/2023,20.076881408691406,0.00657855064268873
12/06/2023,20.07059669494629,-0.000313081
13/06/2023,19.6827392578125,-0.019513821
14/06/2023,18.93705940246582,-0.038621255
15/06/2023,18.980987548828125,0.0023170057292846167
16/06/2023,19.26719093322754,0.014965874855355688
19/06/2023,19.243080139160156,-0.001252175
20/06/2023,19.301908493041992,0.0030524538544199208
21/06/2023,17.377580642700195,-0.10502307
22/06/2023,17.357938766479492,-0.001130939
23/06/2023,17.60760498046875,0.014280942345390934
26/06/2023,16.874399185180664,-0.042533278
27/06/2023,16.995878219604492,0.007173224704663462
28/06/2023,17.23479652404785,0.013959536937423635
29/06/2023,17.237945556640625,0.00018269696063984953
30/06/2023,17.376506805419922,0.008006019418420674
03/07/2023,17.49073028564453,0.0065519323220084805
04/07/2023,17.735937118530273,0.013921884266557404
05/07/2023,17.762046813964844,0.0014710525641490552
06/07/2023,17.523433685302734,-0.013524927
07/07/2023,18.256563186645508,0.040985589134420755
10/07/2023,17.79002571105957,-0.025886695
11/07/2023,18.06193733215332,0.015168867296193137
12/07/2023,18.218137741088867,0.008610862781721238
13/07/2023,18.156572341918945,-0.003385069
14/07/2023,18.37618637084961,0.012022999748316053
17/07/2023,18.50913429260254,0.007208748363449904
18/07/2023,18.81850242614746,0.01657620168200114
19/07/2023,18.861906051635742,0.002303777821864306
20/07/2023,19.009483337402344,0.0077936423851504
21/07/2023,19.232948303222656,0.01168688808184074
24/07/2023,19.41792106628418,0.009571540214086311
25/07/2023,19.36803436279297,-0.002572412
26/07/2023,19.284320831298828,-0.00433162
27/07/2023,18.58922004699707,-0.036710528
28/07/2023,18.384714126586914,-0.01106228
31/07/2023,18.456937789916992,0.0039207664202850195
01/08/2023,18.84125518798828,0.020608558717169927
02/08/2023,18.937137603759766,0.005076056156133461
03/08/2023,19.155855178833008,0.011483475706098837
04/08/2023,19.167390823364258,0.0006020181525850115
07/08/2023,19.13118553161621,-0.001890687
08/08/2023,19.607807159423828,0.024608057475479728
09/08/2023,19.074174880981445,-0.027592492
10/08/2023,18.8321475982666,-0.012769932
11/08/2023,18.92960548400879,0.0051617361045097525
14/08/2023,19.096620559692383,0.008784261127693932
15/08/2023,19.264629364013672,0.008759353716484118
16/08/2023,19.43101692199707,0.008599860677920318
17/08/2023,19.5231876373291,0.00473226900065964
18/08/2023,19.5231876373291,0
21/08/2023,19.278335571289062,-0.012620913
22/08/2023,19.465456008911133,0.009659451743227295
23/08/2023,19.378808975219727,-0.00446126
24/08/2023,19.402053833007812,0.001198779959422058
25/08/2023,19.527427673339844,0.00644109651280957
28/08/2023,19.689714431762695,0.00827636467489621
29/08/2023,19.755884170532227,0.0033549903249619783
30/08/2023,19.97474479675293,0.011017335779026067
31/08/2023,19.94220542907715,-0.001630354
01/09/2023,20.131160736083984,0.009430538309251666
04/09/2023,20.27043342590332,0.006894442874466653
05/09/2023,20.292659759521484,0.0010958895930840533
06/09/2023,20.460235595703125,0.008224042940632791
07/09/2023,20.512056350708008,0.0025295525427038845
08/09/2023,20.6970272064209,0.008977248800186544
11/09/2023,20.702852249145508,0.0002814038513953321
12/09/2023,20.8474063873291,0.006958066021188183
13/09/2023,20.932523727416992,0.004074562002105953
14/09/2023,20.993501663208008,0.0029088366101524335
15/09/2023,20.47737693786621,-0.024892232
18/09/2023,20.344778060913086,-0.00649644
19/09/2023,20.525148391723633,0.008826612499962524
20/09/2023,20.579727172851562,0.002655588294726358
21/09/2023,20.7884464263916,0.01009089870151744
22/09/2023,20.840654373168945,0.002508244143921715
25/09/2023,20.80385971069336,-0.001767084
26/09/2023,20.992937088012695,0.009047519503150213
27/09/2023,20.977628707885742,-0.000729482
28/09/2023,20.699106216430664,-0.013366049
29/09/2023,20.73118019104004,0.0015483349886415694
02/10/2023,20.92287254333496,0.009204084259758882
03/10/2023,20.98932456970215,0.0031710140067840054
04/10/2023,21.15993309020996,0.008095490252619212
05/10/2023,21.1568546295166,-0.000145496
06/10/2023,21.1683406829834,0.000542752545567916
09/10/2023,21.1827392578125,0.0006799626079899155
10/10/2023,21.397844314575195,0.010103519893797873
11/10/2023,21.389808654785156,-0.000375606
12/10/2023,21.481365203857422,0.004271247088645772
13/10/2023,21.42880630493164,-0.002449719
16/10/2023,21.286916732788086,-0.00664346
17/10/2023,21.23438262939453,-0.002470956
18/10/2023,21.376148223876953,0.0066540413702491745
19/10/2023,21.572946548461914,0.009164323623846131
20/10/2023,21.4706974029541,-0.004750961
23/10/2023,21.51822280883789,0.0022110546164614683
24/10/2023,21.619455337524414,0.0046934707138287825
25/10/2023,21.649858474731445,0.0014052980984377015
26/10/2023,21.780109405517578,0.005998223239144279
27/10/2023,21.880115509033203,0.004581116043744663
30/10/2023,21.879106521606445,-4.61E-05
31/10/2023,21.962099075317383,0.003786057053728546
01/11/2023,21.973268508911133,0.0005084484072183917
02/11/2023,22.04031753540039,0.0030467446250717132
03/11/2023,22.038440704345703,-8.52E-05
06/11/2023,21.996274948120117,-0.001915115
07/11/2023,22.1254825592041,0.005856882759661652
08/11/2023,22.41132354736328,0.012836345396721927
09/11/2023,22.49191665649414,0.0035896383114084798
10/11/2023,22.702268600463867,0.00930887289050662
13/11/2023,22.696094512939453,-0.000271996
14/11/2023,22.7783145904541,0.0036161071129807054
15/11/2023,22.86790657043457,0.003925498880280507
16/11/2023,22.996551513671875,0.005609802709163813
17/11/2023,23.09242057800293,0.004160179680650747
20/11/2023,23.06607437133789,-0.001141554
21/11/2023,23.19579315185547,0.005608036485965887
22/11/2023,23.242725372314453,0.0020212632930157303
23/11/2023,23.265216827392578,0.0009672092880364386
24/11/2023,23.344167709350586,0.0033877708642831438
27/11/2023,23.426328659057617,0.003513370205630964
28/11/2023,23.533170700073242,0.004550398825829027
29/11/2023,23.57278823852539,0.0016820609827605441
30/11/2023,23.697778701782227,0.005288312057156284
01/12/2023,23.6812801361084,-0.00069645
04/12/2023,23.720626831054688,0.0016601316909166074
05/12/2023,23.791112899780273,0.0029671033237860726
06/12/2023,23.926725387573242,0.0056839478805314255
07/12/2023,24.03715705871582,0.004604792633290147
08/12/2023,24.24763298034668,0.008718159676523595
11/12/2023,24.118534088134766,-0.005338409
12/12/2023,24.300447463989258,0.007514170102979493
13/12/2023,24.353939056396484,0.002198840342463796
14/12/2023,24.430234909057617,0.0031278961459924644
15/12/2023,24.54521369934082,0.004695373081428998
18/12/2023,24.963563919067383,0.016900444624647508
19/12/2023,24.95189666748047,-0.00046748
20/12/2023,25.08359146118164,0.005264067674211459
21/12/2023,25.25463104248047,0.006795640808082315
22/12/2023,25.269243240356445,0.0005784274658585478
25/12/2023,25.377483367919922,0.004274325296278584
26/12/2023,25.377483367919922,0
27/12/2023,25.394546508789062,0.000672147304450104
28/12/2023,25.47797203063965,0.003279790308400443
29/12/2023,25.77146339416504,0.011453572884903578
01/01/2024,25.738319396972656,-0.001286901
02/01/2024,25.761621475219727,0.0009049361782798515
03/01/2024,25.686199188232422,-0.002931994
04/01/2024,25.705188751220703,0.0007390173573405542
05/01/2024,25.7260799407959,0.0008123925874463557
08/01/2024,25.68204689025879,-0.001713078
09/01/2024,25.896177291870117,0.008303179693926029
10/01/2024,25.920167922973633,0.000925987069071742
11/01/2024,25.977691650390625,0.0022168062978683706
12/01/2024,26.082481384277344,0.004025721364360817
15/01/2024,26.042587280273438,-0.001530707
16/01/2024,26.09318733215332,0.001941088173858033
17/01/2024,26.24161148071289,0.005672116827140892
18/01/2024,26.2283935546875,-0.000503828
19/01/2024,26.3194637298584,0.0034661838201098714
22/01/2024,26.358779907226562,0.0014926915536191661
23/01/2024,26.44053840637207,0.00309695530560739
24/01/2024,26.5166072845459,0.002872848583486951
25/01/2024,26.67804718017578,0.00606979753538869
26/01/2024,26.79155158996582,0.0042455744158501
29/01/2024,26.883888244628906,0.0034405585136679114
30/01/2024,26.965824127197266,0.0030431340184074018
31/01/2024,27.02635383605957,0.0022421667917146963
01/02/2024,26.980581283569336,-0.001695062
02/02/2024,27.120494842529297,0.005172313783827475
05/02/2024,27.378219604492188,0.009458083032342513
06/02/2024,27.109445571899414,-0.00986558
07/02/2024,27.04692268371582,-0.002308977
08/02/2024,26.883771896362305,-0.006050405
09/02/2024,26.891685485839844,0.0002943197480746783
12/02/2024,26.85340690612793,-0.00142445
13/02/2024,26.87506675720215,0.000806270894025873
14/02/2024,26.77874755859375,-0.003590399
15/02/2024,26.729053497314453,-0.001857452
16/02/2024,26.26722526550293,-0.017429145
19/02/2024,24.70517349243164,-0.0613093
20/02/2024,22.82493782043457,-0.079158973
21/02/2024,22.68023109436035,-0.006360034
22/02/2024,22.777801513671875,0.004292775711954386
23/02/2024,22.78701400756836,0.00040436876202078854
26/02/2024,22.908687591552734,0.005325396800136089
27/02/2024,22.923845291137695,0.0006614384667058009
28/02/2024,23.146865844726562,0.009681738795720169
29/02/2024,23.13075828552246,-0.000696127
01/03/2024,23.539188385009766,0.01750336377289872
04/03/2024,23.45110321044922,-0.003749084
05/03/2024,23.63673210144043,0.00788440799533485
06/03/2024,23.784610748291016,0.006236817319414851
07/03/2024,23.877056121826172,0.0038792386224066155
08/03/2024,24.022701263427734,0.006081266311288037
11/03/2024,24.095746994018555,0.003036082390273852
12/03/2024,24.334823608398438,0.00987304313956087
13/03/2024,24.572986602783203,0.00973933921503534
14/03/2024,24.676298141479492,0.004195459518752145
15/03/2024,24.860130310058594,0.007422134305527074
18/03/2024,25.035350799560547,0.007023530223841149
19/03/2024,25.56580352783203,0.02096680076688459
20/03/2024,25.68103790283203,0.004497235966241533
21/03/2024,25.807313919067383,0.004905042206422029
22/03/2024,26.077552795410156,0.010416961135503255
25/03/2024,26.111648559570312,0.0013066216046918333
26/03/2024,26.72385025024414,0.023174914750767828
27/03/2024,25.385330200195312,-0.051384978
28/03/2024,25.18463706970215,-0.007937287
29/03/2024,24.7484130859375,-0.017472799
01/04/2024,24.953941345214844,0.008270410250540627
02/04/2024,24.976486206054688,0.0009030510443280349
03/04/2024,24.72882652282715,-0.009965202
04/04/2024,24.612688064575195,-0.004707544
05/04/2024,24.675228118896484,0.0025377452620408357
08/04/2024,24.566421508789062,-0.004419299
09/04/2024,24.513076782226562,-0.00217381
10/04/2024,24.72813606262207,0.008734985813187613
11/04/2024,24.755237579345703,0.0010953788086297206
12/04/2024,24.931026458740234,0.007075984329662638
15/04/2024,24.868587493896484,-0.00250761
16/04/2024,25.014535903930664,0.005851631435697415
17/04/2024,25.015872955322266,5.344954888052607e-05
18/04/2024,25.159820556640625,0.005737758112002305
19/04/2024,25.526613235473633,0.014473264509061045
22/04/2024,25.572372436523438,0.0017910028028858107
23/04/2024,25.8000545501709,0.008864039243297915
24/04/2024,25.797258377075195,-0.000108384
25/04/2024,26.082685470581055,0.011003480428439478
26/04/2024,26.280305862426758,0.007548129894301326
29/04/2024,26.51871109008789,0.009030730557611642
30/04/2024,26.59726333618164,0.0029577656894853956
01/05/2024,26.740087509155273,0.0053555158656395895
02/05/2024,26.726835250854492,-0.000495718
03/05/2024,26.88596534729004,0.005936289914565715
06/05/2024,26.88037109,-0.000208095
07/05/2024,27.129674911499023,0.00923182284758787
08/05/2024,27.058101654052734,-0.002641677
09/05/2024,27.28499412536621,0.008350418263159683
10/05/2024,27.333457946777344,0.0017746322823693865
13/05/2024,27.350299835205078,0.0006159740896885953
14/05/2024,25.671672821044922,-0.063339333
15/05/2024,24.976036071777344,-0.027471351
16/05/2024,25.57546615600586,0.023716730660767685
17/05/2024,25.22948455810547,-0.013620206
20/05/2024,25.345325469970703,0.0045809807048749355
21/05/2024,25.804580688476562,0.01795770880630154
22/05/2024,25.78350067138672,-0.000817244
23/05/2024,26.043724060058594,0.010042041680483655
24/05/2024,26.429935455322266,0.014720466340110296
27/05/2024,26.612613677978516,0.006888015297186485
28/05/2024,26.72957420349121,0.004385298676162333
29/05/2024,26.930692672729492,0.00749602723540946
30/05/2024,27.156780242919922,0.008360120183226091
31/05/2024,27.129941940307617,-0.000988761
03/06/2024,25.710338592529297,-0.053744796
04/06/2024,25.95284080505371,0.009387885003376463
05/06/2024,26.115320205688477,0.006241047306857903
06/06/2024,26.2410831451416,0.004804118437612837
07/06/2024,26.190738677978516,-0.001920379
10/06/2024,26.502426147460938,0.01183041883289585
11/06/2024,26.384784698486328,-0.004448775
12/06/2024,26.265640258789062,-0.004525876
13/06/2024,26.477928161621094,0.008049855386969066
14/06/2024,26.386768341064453,-0.003448801
17/06/2024,26.105920791625977,-0.010700546
18/06/2024,25.773296356201172,-0.012823208
19/06/2024,25.782791137695312,0.0003683282445592452
20/06/2024,25.488197326660156,-0.011491764
21/06/2024,25.424028396606445,-0.002520768
24/06/2024,25.403358459472656,-0.000813339
25/06/2024,25.42917823791504,0.0010158761431325323
26/06/2024,25.74081039428711,0.012180421281070813
27/06/2024,25.834081649780273,0.003616928838009666
28/06/2024,25.6888370513916,-0.005638073
01/07/2024,23.956340789794922,-0.069823502
02/07/2024,23.92947769165039,-0.001121965
03/07/2024,24.049823760986328,0.0050165933258735735
04/07/2024,24.175966262817383,0.005231341547601746
05/07/2024,24.31460189819336,0.0057180609909081815
08/07/2024,24.501155853271484,0.007643223084486228
09/07/2024,24.58689308166504,0.0034932052683984242
10/07/2024,24.696243286132812,0.004437638996883461
11/07/2024,25.32534408569336,0.025154498454108658
12/07/2024,25.327434539794922,8.254054997480579e-05
15/07/2024,25.45529556274414,0.0050356210813022355
16/07/2024,25.574947357177734,0.00468945499213239
17/07/2024,25.830753326416016,0.009952518003018872
18/07/2024,26.017301559448242,0.007195989837346809
19/07/2024,26.3842830657959,0.014006733145601281
22/07/2024,25.475858688354492,-0.035037209
23/07/2024,25.887496948242188,0.016028823196303922
24/07/2024,25.866178512573242,-0.000823842
25/07/2024,26.00990867614746,0.005541301942569732
26/07/2024,26.067882537841797,0.002226434120609944
29/07/2024,26.083311080932617,0.0005916851550406282
30/07/2024,26.136363983154297,0.00203191308294168
31/07/2024,26.388107299804688,0.009585826879640375
01/08/2024,26.019554138183594,-0.01406509
02/08/2024,25.806123733520508,-0.00823652
05/08/2024,25.59630012512207,-0.008164003
06/08/2024,25.8240909576416,0.008859999616685708
07/08/2024,25.937286376953125,0.004373747592881076
08/08/2024,25.864349365234375,-0.002816014
09/08/2024,26.026275634765625,0.006241080932492692
12/08/2024,26.05536460876465,0.0011170530301192196
13/08/2024,26.135234832763672,0.0030607154240632367
14/08/2024,26.072193145751953,-0.002415048
15/08/2024,26.17910385131836,0.004092179942085806
16/08/2024,26.319435119628906,0.005346114588878736
19/08/2024,26.081283569335938,-0.009089692
20/08/2024,25.631452560424805,-0.017397739
21/08/2024,25.665050506591797,0.0013099509308665427
22/08/2024,25.925926208496094,0.010113316010802842
23/08/2024,25.99958610534668,0.002837138931434818
26/08/2024,26.002586364746094,0.00011538977162793869
27/08/2024,26.257671356201172,0.009762179842939868
28/08/2024,26.228525161743164,-0.001110623
29/08/2024,25.886266708374023,-0.01313498
30/08/2024,26.052030563354492,0.006383128693687331
02/09/2024,26.067699432373047,0.0006012644152949764
03/09/2024,26.153547286987305,0.0032878545550671205
04/09/2024,26.124652862548828,-0.00110541
05/09/2024,26.21416664123535,0.003420553494041147
06/09/2024,26.249217987060547,0.0013362214919546258
09/09/2024,26.260759353637695,0.0004395875735430467
10/09/2024,26.238391876220703,-0.000852108
11/09/2024,26.376693725585938,0.005257129825359305
12/09/2024,26.372055053710938,-0.000175878
13/09/2024,26.24007225036621,-0.005017211
16/09/2024,26.26636505126953,0.0010015077941759717
17/09/2024,26.393199920654297,0.00481717289996079
18/09/2024,26.4243106842041,0.0011780474615889604
19/09/2024,26.438207626342773,0.0005257767848732152
20/09/2024,26.01776885986328,-0.0160305
23/09/2024,26.388404846191406,0.014144981014598004
24/09/2024,26.46158218383789,0.002769248907089786
25/09/2024,26.48838233947754,0.0010122823752372128
26/09/2024,26.615156173706055,0.004774599908571958
27/09/2024,26.28379249572754,-0.01252834
30/09/2024,26.397247314453125,0.0043072420187087145
01/10/2024,26.425546646118164,0.0010714819209919147
02/10/2024,26.157798767089844,-0.01018384
03/10/2024,26.11876678466797,-0.001493288
04/10/2024,26.351755142211914,0.008880791738749255
07/10/2024,26.387435913085938,0.0013531029052215174
08/10/2024,26.446258544921875,0.0022267099336543074
09/10/2024,26.48577308654785,0.001493029749599263
10/10/2024,26.38217544555664,-0.003919115
11/10/2024,26.513460159301758,0.004963924974946567
14/10/2024,26.345495223999023,-0.006355233
15/10/2024,26.38480567932129,0.0014910008830359865
16/10/2024,26.385995864868164,4.510773049670191e-05
17/10/2024,26.514253616333008,0.00484905096048204
18/10/2024,26.57280158996582,0.0022057353583815214
21/10/2024,26.452442169189453,-0.00453971
22/10/2024,26.62334632873535,0.006440026801472917
23/10/2024,26.531761169433594,-0.003445962
24/10/2024,26.47303009033203,-0.002216068
25/10/2024,26.557695388793945,0.003193068532705702
28/10/2024,26.484529495239258,-0.002758781
29/10/2024,26.564008712768555,0.002996473783575649
30/10/2024,26.5825138092041,0.0006963803577450222
31/10/2024,26.60120391845703,0.000702850828069024
01/11/2024,26.713443756103516,0.004210475295576219
04/11/2024,26.745393753051758,0.0011953122155667361
05/11/2024,26.796438217163086,0.0019067139728919044
06/11/2024,26.9349365234375,0.005155223132638875
07/11/2024,27.05289649963379,0.004369879556305225
08/11/2024,27.04558563232422,-0.00027028
11/11/2024,27.330629348754883,0.010484228352517895
12/11/2024,27.13228416442871,-0.007283711
13/11/2024,27.193578720092773,0.0022565525301944103
14/11/2024,27.327890396118164,0.004926937953090135
15/11/2024,27.374168395996094,0.0016920025293551868
18/11/2024,27.490398406982422,0.004236985422092214
19/11/2024,27.404155731201172,-0.003142124
20/11/2024,27.58124351501465,0.006441287997343189
21/11/2024,27.630382537841797,0.0017800249445581245
22/11/2024,27.52707862854004,-0.003745786
25/11/2024,27.569461822509766,0.0015385068457239282
26/11/2024,27.532987594604492,-0.00132387
27/11/2024,27.4471492767334,-0.003122524
28/11/2024,27.240285873413086,-0.007565335
29/11/2024,26.922931671142578,-0.011718574
02/12/2024,26.827308654785156,-0.003558054
03/12/2024,26.865827560424805,0.001434779748873571
04/12/2024,26.995054244995117,0.004798544999760873
05/12/2024,27.045408248901367,0.001863567266276961
06/12/2024,27.045225143432617,-6.77E-06
09/12/2024,27.217626571655273,0.0063543290803195086
10/12/2024,27.267988204956055,0.0018486218004302685
11/12/2024,27.492446899414062,0.0081978878034049
12/12/2024,27.44745635986328,-0.00163781
13/12/2024,27.59589958190918,0.005393696637180158
16/12/2024,27.553651809692383,-0.001532117
17/12/2024,27.658966064453125,0.0038148664757191213
18/12/2024,27.676427841186523,0.000631125074948977
19/12/2024,27.628257751464844,-0.00174199
20/12/2024,27.632022857666016,0.0001362680813595652
23/12/2024,27.51617431640625,-0.00420136
24/12/2024,27.658836364746094,0.005171267372708771
25/12/2024,27.610673904418945,-0.001742822
26/12/2024,27.610673904418945,0
27/12/2024,27.58296012878418,-0.001004238
30/12/2024,27.710161209106445,0.004600981157799725
